race_id,year,round,circuit_id,race_name,date,time,race_timestamp,data_source,ingestion_date
1,2009,1,1,Australian Grand Prix,2009-03-29,06:00:00,2009-03-29 06:00:00,dev,2024-04-25
2,2009,2,2,Malaysian Grand Prix,2009-04-05,09:00:00,2009-04-05 09:00:00,dev,2024-04-25
3,2009,3,17,Chinese Grand Prix,2009-04-19,07:00:00,2009-04-19 07:00:00,dev,2024-04-25
4,2009,4,3,Bahrain Grand Prix,2009-04-26,12:00:00,2009-04-26 12:00:00,dev,2024-04-25
5,2009,5,4,Spanish Grand Prix,2009-05-10,12:00:00,2009-05-10 12:00:00,dev,2024-04-25
6,2009,6,6,Monaco Grand Prix,2009-05-24,12:00:00,2009-05-24 12:00:00,dev,2024-04-25
7,2009,7,5,Turkish Grand Prix,2009-06-07,12:00:00,2009-06-07 12:00:00,dev,2024-04-25
8,2009,8,9,British Grand Prix,2009-06-21,12:00:00,2009-06-21 12:00:00,dev,2024-04-25
9,2009,9,20,German Grand Prix,2009-07-12,12:00:00,2009-07-12 12:00:00,dev,2024-04-25
10,2009,10,11,Hungarian Grand Prix,2009-07-26,12:00:00,2009-07-26 12:00:00,dev,2024-04-25
11,2009,11,12,European Grand Prix,2009-08-23,12:00:00,2009-08-23 12:00:00,dev,2024-04-25
12,2009,12,13,Belgian Grand Prix,2009-08-30,12:00:00,2009-08-30 12:00:00,dev,2024-04-25
13,2009,13,14,Italian Grand Prix,2009-09-13,12:00:00,2009-09-13 12:00:00,dev,2024-04-25
14,2009,14,15,Singapore Grand Prix,2009-09-27,12:00:00,2009-09-27 12:00:00,dev,2024-04-25
15,2009,15,22,Japanese Grand Prix,2009-10-04,05:00:00,2009-10-04 05:00:00,dev,2024-04-25
16,2009,16,18,Brazilian Grand Prix,2009-10-18,16:00:00,2009-10-18 16:00:00,dev,2024-04-25
17,2009,17,24,Abu Dhabi Grand Prix,2009-11-01,11:00:00,2009-11-01 11:00:00,dev,2024-04-25
18,2008,1,1,Australian Grand Prix,2008-03-16,04:30:00,2008-03-16 04:30:00,dev,2024-04-25
19,2008,2,2,Malaysian Grand Prix,2008-03-23,07:00:00,2008-03-23 07:00:00,dev,2024-04-25
20,2008,3,3,Bahrain Grand Prix,2008-04-06,11:30:00,2008-04-06 11:30:00,dev,2024-04-25
21,2008,4,4,Spanish Grand Prix,2008-04-27,12:00:00,2008-04-27 12:00:00,dev,2024-04-25
22,2008,5,5,Turkish Grand Prix,2008-05-11,12:00:00,2008-05-11 12:00:00,dev,2024-04-25
23,2008,6,6,Monaco Grand Prix,2008-05-25,12:00:00,2008-05-25 12:00:00,dev,2024-04-25
24,2008,7,7,Canadian Grand Prix,2008-06-08,17:00:00,2008-06-08 17:00:00,dev,2024-04-25
25,2008,8,8,French Grand Prix,2008-06-22,12:00:00,2008-06-22 12:00:00,dev,2024-04-25
26,2008,9,9,British Grand Prix,2008-07-06,12:00:00,2008-07-06 12:00:00,dev,2024-04-25
27,2008,10,10,German Grand Prix,2008-07-20,12:00:00,2008-07-20 12:00:00,dev,2024-04-25
28,2008,11,11,Hungarian Grand Prix,2008-08-03,12:00:00,2008-08-03 12:00:00,dev,2024-04-25
29,2008,12,12,European Grand Prix,2008-08-24,12:00:00,2008-08-24 12:00:00,dev,2024-04-25
30,2008,13,13,Belgian Grand Prix,2008-09-07,12:00:00,2008-09-07 12:00:00,dev,2024-04-25
31,2008,14,14,Italian Grand Prix,2008-09-14,12:00:00,2008-09-14 12:00:00,dev,2024-04-25
32,2008,15,15,Singapore Grand Prix,2008-09-28,12:00:00,2008-09-28 12:00:00,dev,2024-04-25
33,2008,16,16,Japanese Grand Prix,2008-10-12,04:30:00,2008-10-12 04:30:00,dev,2024-04-25
34,2008,17,17,Chinese Grand Prix,2008-10-19,07:00:00,2008-10-19 07:00:00,dev,2024-04-25
35,2008,18,18,Brazilian Grand Prix,2008-11-02,17:00:00,2008-11-02 17:00:00,dev,2024-04-25
36,2007,1,1,Australian Grand Prix,2007-03-18,03:00:00,2007-03-18 03:00:00,dev,2024-04-25
37,2007,2,2,Malaysian Grand Prix,2007-04-08,07:00:00,2007-04-08 07:00:00,dev,2024-04-25
38,2007,3,3,Bahrain Grand Prix,2007-04-15,11:30:00,2007-04-15 11:30:00,dev,2024-04-25
39,2007,4,4,Spanish Grand Prix,2007-05-13,12:00:00,2007-05-13 12:00:00,dev,2024-04-25
40,2007,5,6,Monaco Grand Prix,2007-05-27,12:00:00,2007-05-27 12:00:00,dev,2024-04-25
41,2007,6,7,Canadian Grand Prix,2007-06-10,17:00:00,2007-06-10 17:00:00,dev,2024-04-25
42,2007,7,19,United States Grand Prix,2007-06-17,17:00:00,2007-06-17 17:00:00,dev,2024-04-25
43,2007,8,8,French Grand Prix,2007-07-01,12:00:00,2007-07-01 12:00:00,dev,2024-04-25
44,2007,9,9,British Grand Prix,2007-07-08,12:00:00,2007-07-08 12:00:00,dev,2024-04-25
45,2007,10,20,European Grand Prix,2007-07-22,12:00:00,2007-07-22 12:00:00,dev,2024-04-25
46,2007,11,11,Hungarian Grand Prix,2007-08-05,12:00:00,2007-08-05 12:00:00,dev,2024-04-25
47,2007,12,5,Turkish Grand Prix,2007-08-26,12:00:00,2007-08-26 12:00:00,dev,2024-04-25
48,2007,13,14,Italian Grand Prix,2007-09-09,12:00:00,2007-09-09 12:00:00,dev,2024-04-25
49,2007,14,13,Belgian Grand Prix,2007-09-16,12:00:00,2007-09-16 12:00:00,dev,2024-04-25
50,2007,15,16,Japanese Grand Prix,2007-09-30,04:30:00,2007-09-30 04:30:00,dev,2024-04-25
51,2007,16,17,Chinese Grand Prix,2007-10-07,06:00:00,2007-10-07 06:00:00,dev,2024-04-25
52,2007,17,18,Brazilian Grand Prix,2007-10-21,16:00:00,2007-10-21 16:00:00,dev,2024-04-25
53,2006,1,3,Bahrain Grand Prix,2006-03-12,14:30:00,2006-03-12 14:30:00,dev,2024-04-25
54,2006,2,2,Malaysian Grand Prix,2006-03-19,15:00:00,2006-03-19 15:00:00,dev,2024-04-25
55,2006,3,1,Australian Grand Prix,2006-04-02,14:00:00,2006-04-02 14:00:00,dev,2024-04-25
56,2006,4,21,San Marino Grand Prix,2006-04-23,14:00:00,2006-04-23 14:00:00,dev,2024-04-25
57,2006,5,20,European Grand Prix,2006-05-07,14:00:00,2006-05-07 14:00:00,dev,2024-04-25
58,2006,6,4,Spanish Grand Prix,2006-05-14,14:00:00,2006-05-14 14:00:00,dev,2024-04-25
59,2006,7,6,Monaco Grand Prix,2006-05-28,14:00:00,2006-05-28 14:00:00,dev,2024-04-25
60,2006,8,9,British Grand Prix,2006-06-11,12:00:00,2006-06-11 12:00:00,dev,2024-04-25
61,2006,9,7,Canadian Grand Prix,2006-06-25,13:00:00,2006-06-25 13:00:00,dev,2024-04-25
62,2006,10,19,United States Grand Prix,2006-07-02,14:00:00,2006-07-02 14:00:00,dev,2024-04-25
63,2006,11,8,French Grand Prix,2006-07-16,14:00:00,2006-07-16 14:00:00,dev,2024-04-25
64,2006,12,10,German Grand Prix,2006-07-30,14:00:00,2006-07-30 14:00:00,dev,2024-04-25
65,2006,13,11,Hungarian Grand Prix,2006-08-06,14:00:00,2006-08-06 14:00:00,dev,2024-04-25
66,2006,14,5,Turkish Grand Prix,2006-08-27,15:00:00,2006-08-27 15:00:00,dev,2024-04-25
67,2006,15,14,Italian Grand Prix,2006-09-10,14:00:00,2006-09-10 14:00:00,dev,2024-04-25
68,2006,16,17,Chinese Grand Prix,2006-10-01,14:00:00,2006-10-01 14:00:00,dev,2024-04-25
69,2006,17,22,Japanese Grand Prix,2006-10-08,14:00:00,2006-10-08 14:00:00,dev,2024-04-25
70,2006,18,18,Brazilian Grand Prix,2006-10-22,14:00:00,2006-10-22 14:00:00,dev,2024-04-25
71,2005,1,1,Australian Grand Prix,2005-03-06,14:00:00,2005-03-06 14:00:00,dev,2024-04-25
72,2005,2,2,Malaysian Grand Prix,2005-03-20,15:00:00,2005-03-20 15:00:00,dev,2024-04-25
73,2005,3,3,Bahrain Grand Prix,2005-04-03,14:30:00,2005-04-03 14:30:00,dev,2024-04-25
74,2005,4,21,San Marino Grand Prix,2005-04-24,14:00:00,2005-04-24 14:00:00,dev,2024-04-25
75,2005,5,4,Spanish Grand Prix,2005-05-08,14:00:00,2005-05-08 14:00:00,dev,2024-04-25
76,2005,6,6,Monaco Grand Prix,2005-05-22,14:00:00,2005-05-22 14:00:00,dev,2024-04-25
77,2005,7,20,European Grand Prix,2005-05-29,14:00:00,2005-05-29 14:00:00,dev,2024-04-25
78,2005,8,7,Canadian Grand Prix,2005-06-12,13:00:00,2005-06-12 13:00:00,dev,2024-04-25
79,2005,9,19,United States Grand Prix,2005-06-19,14:00:00,2005-06-19 14:00:00,dev,2024-04-25
80,2005,10,8,French Grand Prix,2005-07-03,14:00:00,2005-07-03 14:00:00,dev,2024-04-25
81,2005,11,9,British Grand Prix,2005-07-10,14:00:00,2005-07-10 14:00:00,dev,2024-04-25
82,2005,12,10,German Grand Prix,2005-07-24,14:00:00,2005-07-24 14:00:00,dev,2024-04-25
83,2005,13,11,Hungarian Grand Prix,2005-07-31,14:00:00,2005-07-31 14:00:00,dev,2024-04-25
84,2005,14,5,Turkish Grand Prix,2005-08-21,15:00:00,2005-08-21 15:00:00,dev,2024-04-25
85,2005,15,14,Italian Grand Prix,2005-09-04,14:00:00,2005-09-04 14:00:00,dev,2024-04-25
86,2005,16,13,Belgian Grand Prix,2005-09-11,14:00:00,2005-09-11 14:00:00,dev,2024-04-25
87,2005,17,18,Brazilian Grand Prix,2005-09-25,14:00:00,2005-09-25 14:00:00,dev,2024-04-25
88,2005,18,22,Japanese Grand Prix,2005-10-09,14:00:00,2005-10-09 14:00:00,dev,2024-04-25
89,2005,19,17,Chinese Grand Prix,2005-10-16,14:00:00,2005-10-16 14:00:00,dev,2024-04-25
90,2004,1,1,Australian Grand Prix,2004-03-07,\N,2004-03-07 \N,dev,2024-04-25
91,2004,2,2,Malaysian Grand Prix,2004-03-21,\N,2004-03-21 \N,dev,2024-04-25
92,2004,3,3,Bahrain Grand Prix,2004-04-04,\N,2004-04-04 \N,dev,2024-04-25
93,2004,4,21,San Marino Grand Prix,2004-04-25,\N,2004-04-25 \N,dev,2024-04-25
94,2004,5,4,Spanish Grand Prix,2004-05-09,\N,2004-05-09 \N,dev,2024-04-25
95,2004,6,6,Monaco Grand Prix,2004-05-23,\N,2004-05-23 \N,dev,2024-04-25
96,2004,7,20,European Grand Prix,2004-05-30,\N,2004-05-30 \N,dev,2024-04-25
97,2004,8,7,Canadian Grand Prix,2004-06-13,\N,2004-06-13 \N,dev,2024-04-25
98,2004,9,19,United States Grand Prix,2004-06-20,\N,2004-06-20 \N,dev,2024-04-25
99,2004,10,8,French Grand Prix,2004-07-04,\N,2004-07-04 \N,dev,2024-04-25
100,2004,11,9,British Grand Prix,2004-07-11,\N,2004-07-11 \N,dev,2024-04-25
101,2004,12,10,German Grand Prix,2004-07-25,\N,2004-07-25 \N,dev,2024-04-25
102,2004,13,11,Hungarian Grand Prix,2004-08-15,\N,2004-08-15 \N,dev,2024-04-25
103,2004,14,13,Belgian Grand Prix,2004-08-29,\N,2004-08-29 \N,dev,2024-04-25
104,2004,15,14,Italian Grand Prix,2004-09-12,\N,2004-09-12 \N,dev,2024-04-25
105,2004,16,17,Chinese Grand Prix,2004-09-26,\N,2004-09-26 \N,dev,2024-04-25
106,2004,17,22,Japanese Grand Prix,2004-10-10,\N,2004-10-10 \N,dev,2024-04-25
107,2004,18,18,Brazilian Grand Prix,2004-10-24,\N,2004-10-24 \N,dev,2024-04-25
108,2003,1,1,Australian Grand Prix,2003-03-09,\N,2003-03-09 \N,dev,2024-04-25
109,2003,2,2,Malaysian Grand Prix,2003-03-23,\N,2003-03-23 \N,dev,2024-04-25
110,2003,3,18,Brazilian Grand Prix,2003-04-06,\N,2003-04-06 \N,dev,2024-04-25
111,2003,4,21,San Marino Grand Prix,2003-04-20,\N,2003-04-20 \N,dev,2024-04-25
112,2003,5,4,Spanish Grand Prix,2003-05-04,\N,2003-05-04 \N,dev,2024-04-25
113,2003,6,23,Austrian Grand Prix,2003-05-18,\N,2003-05-18 \N,dev,2024-04-25
114,2003,7,6,Monaco Grand Prix,2003-06-01,\N,2003-06-01 \N,dev,2024-04-25
115,2003,8,7,Canadian Grand Prix,2003-06-15,\N,2003-06-15 \N,dev,2024-04-25
116,2003,9,20,European Grand Prix,2003-06-29,\N,2003-06-29 \N,dev,2024-04-25
117,2003,10,8,French Grand Prix,2003-07-06,\N,2003-07-06 \N,dev,2024-04-25
118,2003,11,9,British Grand Prix,2003-07-20,\N,2003-07-20 \N,dev,2024-04-25
119,2003,12,10,German Grand Prix,2003-08-03,\N,2003-08-03 \N,dev,2024-04-25
120,2003,13,11,Hungarian Grand Prix,2003-08-24,\N,2003-08-24 \N,dev,2024-04-25
121,2003,14,14,Italian Grand Prix,2003-09-14,\N,2003-09-14 \N,dev,2024-04-25
122,2003,15,19,United States Grand Prix,2003-09-28,\N,2003-09-28 \N,dev,2024-04-25
123,2003,16,22,Japanese Grand Prix,2003-10-12,\N,2003-10-12 \N,dev,2024-04-25
124,2002,1,1,Australian Grand Prix,2002-03-03,\N,2002-03-03 \N,dev,2024-04-25
125,2002,2,2,Malaysian Grand Prix,2002-03-17,\N,2002-03-17 \N,dev,2024-04-25
126,2002,3,18,Brazilian Grand Prix,2002-03-31,\N,2002-03-31 \N,dev,2024-04-25
127,2002,4,21,San Marino Grand Prix,2002-04-14,\N,2002-04-14 \N,dev,2024-04-25
128,2002,5,4,Spanish Grand Prix,2002-04-28,\N,2002-04-28 \N,dev,2024-04-25
129,2002,6,23,Austrian Grand Prix,2002-05-12,\N,2002-05-12 \N,dev,2024-04-25
130,2002,7,6,Monaco Grand Prix,2002-05-26,\N,2002-05-26 \N,dev,2024-04-25
131,2002,8,7,Canadian Grand Prix,2002-06-09,\N,2002-06-09 \N,dev,2024-04-25
132,2002,9,20,European Grand Prix,2002-06-23,\N,2002-06-23 \N,dev,2024-04-25
133,2002,10,9,British Grand Prix,2002-07-07,\N,2002-07-07 \N,dev,2024-04-25
134,2002,11,8,French Grand Prix,2002-07-21,\N,2002-07-21 \N,dev,2024-04-25
135,2002,12,10,German Grand Prix,2002-07-28,\N,2002-07-28 \N,dev,2024-04-25
136,2002,13,11,Hungarian Grand Prix,2002-08-18,\N,2002-08-18 \N,dev,2024-04-25
137,2002,14,13,Belgian Grand Prix,2002-09-01,\N,2002-09-01 \N,dev,2024-04-25
138,2002,15,14,Italian Grand Prix,2002-09-15,\N,2002-09-15 \N,dev,2024-04-25
139,2002,16,19,United States Grand Prix,2002-09-29,\N,2002-09-29 \N,dev,2024-04-25
140,2002,17,22,Japanese Grand Prix,2002-10-13,\N,2002-10-13 \N,dev,2024-04-25
141,2001,1,1,Australian Grand Prix,2001-03-04,\N,2001-03-04 \N,dev,2024-04-25
142,2001,2,2,Malaysian Grand Prix,2001-03-18,\N,2001-03-18 \N,dev,2024-04-25
143,2001,3,18,Brazilian Grand Prix,2001-04-01,\N,2001-04-01 \N,dev,2024-04-25
144,2001,4,21,San Marino Grand Prix,2001-04-15,\N,2001-04-15 \N,dev,2024-04-25
145,2001,5,4,Spanish Grand Prix,2001-04-29,\N,2001-04-29 \N,dev,2024-04-25
146,2001,6,23,Austrian Grand Prix,2001-05-13,\N,2001-05-13 \N,dev,2024-04-25
147,2001,7,6,Monaco Grand Prix,2001-05-27,\N,2001-05-27 \N,dev,2024-04-25
148,2001,8,7,Canadian Grand Prix,2001-06-10,\N,2001-06-10 \N,dev,2024-04-25
149,2001,9,20,European Grand Prix,2001-06-24,\N,2001-06-24 \N,dev,2024-04-25
150,2001,10,8,French Grand Prix,2001-07-01,\N,2001-07-01 \N,dev,2024-04-25
151,2001,11,9,British Grand Prix,2001-07-15,\N,2001-07-15 \N,dev,2024-04-25
152,2001,12,10,German Grand Prix,2001-07-29,\N,2001-07-29 \N,dev,2024-04-25
153,2001,13,11,Hungarian Grand Prix,2001-08-19,\N,2001-08-19 \N,dev,2024-04-25
154,2001,14,13,Belgian Grand Prix,2001-09-02,\N,2001-09-02 \N,dev,2024-04-25
155,2001,15,14,Italian Grand Prix,2001-09-16,\N,2001-09-16 \N,dev,2024-04-25
156,2001,16,19,United States Grand Prix,2001-09-30,\N,2001-09-30 \N,dev,2024-04-25
157,2001,17,22,Japanese Grand Prix,2001-10-14,\N,2001-10-14 \N,dev,2024-04-25
158,2000,1,1,Australian Grand Prix,2000-03-12,\N,2000-03-12 \N,dev,2024-04-25
159,2000,2,18,Brazilian Grand Prix,2000-03-26,\N,2000-03-26 \N,dev,2024-04-25
160,2000,3,21,San Marino Grand Prix,2000-04-09,\N,2000-04-09 \N,dev,2024-04-25
161,2000,4,9,British Grand Prix,2000-04-23,\N,2000-04-23 \N,dev,2024-04-25
162,2000,5,4,Spanish Grand Prix,2000-05-07,\N,2000-05-07 \N,dev,2024-04-25
163,2000,6,20,European Grand Prix,2000-05-21,\N,2000-05-21 \N,dev,2024-04-25
164,2000,7,6,Monaco Grand Prix,2000-06-04,\N,2000-06-04 \N,dev,2024-04-25
165,2000,8,7,Canadian Grand Prix,2000-06-18,\N,2000-06-18 \N,dev,2024-04-25
166,2000,9,8,French Grand Prix,2000-07-02,\N,2000-07-02 \N,dev,2024-04-25
167,2000,10,23,Austrian Grand Prix,2000-07-16,\N,2000-07-16 \N,dev,2024-04-25
168,2000,11,10,German Grand Prix,2000-07-30,\N,2000-07-30 \N,dev,2024-04-25
169,2000,12,11,Hungarian Grand Prix,2000-08-13,\N,2000-08-13 \N,dev,2024-04-25
170,2000,13,13,Belgian Grand Prix,2000-08-27,\N,2000-08-27 \N,dev,2024-04-25
171,2000,14,14,Italian Grand Prix,2000-09-10,\N,2000-09-10 \N,dev,2024-04-25
172,2000,15,19,United States Grand Prix,2000-09-24,\N,2000-09-24 \N,dev,2024-04-25
173,2000,16,22,Japanese Grand Prix,2000-10-08,\N,2000-10-08 \N,dev,2024-04-25
174,2000,17,2,Malaysian Grand Prix,2000-10-22,\N,2000-10-22 \N,dev,2024-04-25
175,1999,1,1,Australian Grand Prix,1999-03-07,\N,1999-03-07 \N,dev,2024-04-25
176,1999,2,18,Brazilian Grand Prix,1999-04-11,\N,1999-04-11 \N,dev,2024-04-25
177,1999,3,21,San Marino Grand Prix,1999-05-02,\N,1999-05-02 \N,dev,2024-04-25
178,1999,4,6,Monaco Grand Prix,1999-05-16,\N,1999-05-16 \N,dev,2024-04-25
179,1999,5,4,Spanish Grand Prix,1999-05-30,\N,1999-05-30 \N,dev,2024-04-25
180,1999,6,7,Canadian Grand Prix,1999-06-13,\N,1999-06-13 \N,dev,2024-04-25
181,1999,7,8,French Grand Prix,1999-06-27,\N,1999-06-27 \N,dev,2024-04-25
182,1999,8,9,British Grand Prix,1999-07-11,\N,1999-07-11 \N,dev,2024-04-25
183,1999,9,23,Austrian Grand Prix,1999-07-25,\N,1999-07-25 \N,dev,2024-04-25
184,1999,10,10,German Grand Prix,1999-08-01,\N,1999-08-01 \N,dev,2024-04-25
185,1999,11,11,Hungarian Grand Prix,1999-08-15,\N,1999-08-15 \N,dev,2024-04-25
186,1999,12,13,Belgian Grand Prix,1999-08-29,\N,1999-08-29 \N,dev,2024-04-25
187,1999,13,14,Italian Grand Prix,1999-09-12,\N,1999-09-12 \N,dev,2024-04-25
188,1999,14,20,European Grand Prix,1999-09-26,\N,1999-09-26 \N,dev,2024-04-25
189,1999,15,2,Malaysian Grand Prix,1999-10-17,\N,1999-10-17 \N,dev,2024-04-25
190,1999,16,22,Japanese Grand Prix,1999-10-31,\N,1999-10-31 \N,dev,2024-04-25
191,1998,1,1,Australian Grand Prix,1998-03-08,\N,1998-03-08 \N,dev,2024-04-25
192,1998,2,18,Brazilian Grand Prix,1998-03-29,\N,1998-03-29 \N,dev,2024-04-25
193,1998,3,25,Argentine Grand Prix,1998-04-12,\N,1998-04-12 \N,dev,2024-04-25
194,1998,4,21,San Marino Grand Prix,1998-04-26,\N,1998-04-26 \N,dev,2024-04-25
195,1998,5,4,Spanish Grand Prix,1998-05-10,\N,1998-05-10 \N,dev,2024-04-25
196,1998,6,6,Monaco Grand Prix,1998-05-24,\N,1998-05-24 \N,dev,2024-04-25
197,1998,7,7,Canadian Grand Prix,1998-06-07,\N,1998-06-07 \N,dev,2024-04-25
198,1998,8,8,French Grand Prix,1998-06-28,\N,1998-06-28 \N,dev,2024-04-25
199,1998,9,9,British Grand Prix,1998-07-12,\N,1998-07-12 \N,dev,2024-04-25
200,1998,10,23,Austrian Grand Prix,1998-07-26,\N,1998-07-26 \N,dev,2024-04-25
201,1998,11,10,German Grand Prix,1998-08-02,\N,1998-08-02 \N,dev,2024-04-25
202,1998,12,11,Hungarian Grand Prix,1998-08-16,\N,1998-08-16 \N,dev,2024-04-25
203,1998,13,13,Belgian Grand Prix,1998-08-30,\N,1998-08-30 \N,dev,2024-04-25
204,1998,14,14,Italian Grand Prix,1998-09-13,\N,1998-09-13 \N,dev,2024-04-25
205,1998,15,20,Luxembourg Grand Prix,1998-09-27,\N,1998-09-27 \N,dev,2024-04-25
206,1998,16,22,Japanese Grand Prix,1998-11-01,\N,1998-11-01 \N,dev,2024-04-25
207,1997,1,1,Australian Grand Prix,1997-03-09,\N,1997-03-09 \N,dev,2024-04-25
208,1997,2,18,Brazilian Grand Prix,1997-03-30,\N,1997-03-30 \N,dev,2024-04-25
209,1997,3,25,Argentine Grand Prix,1997-04-13,\N,1997-04-13 \N,dev,2024-04-25
210,1997,4,21,San Marino Grand Prix,1997-04-27,\N,1997-04-27 \N,dev,2024-04-25
211,1997,5,6,Monaco Grand Prix,1997-05-11,\N,1997-05-11 \N,dev,2024-04-25
212,1997,6,4,Spanish Grand Prix,1997-05-25,\N,1997-05-25 \N,dev,2024-04-25
213,1997,7,7,Canadian Grand Prix,1997-06-15,\N,1997-06-15 \N,dev,2024-04-25
214,1997,8,8,French Grand Prix,1997-06-29,\N,1997-06-29 \N,dev,2024-04-25
215,1997,9,9,British Grand Prix,1997-07-13,\N,1997-07-13 \N,dev,2024-04-25
216,1997,10,10,German Grand Prix,1997-07-27,\N,1997-07-27 \N,dev,2024-04-25
217,1997,11,11,Hungarian Grand Prix,1997-08-10,\N,1997-08-10 \N,dev,2024-04-25
218,1997,12,13,Belgian Grand Prix,1997-08-24,\N,1997-08-24 \N,dev,2024-04-25
219,1997,13,14,Italian Grand Prix,1997-09-07,\N,1997-09-07 \N,dev,2024-04-25
220,1997,14,23,Austrian Grand Prix,1997-09-21,\N,1997-09-21 \N,dev,2024-04-25
221,1997,15,20,Luxembourg Grand Prix,1997-09-28,\N,1997-09-28 \N,dev,2024-04-25
222,1997,16,22,Japanese Grand Prix,1997-10-12,\N,1997-10-12 \N,dev,2024-04-25
223,1997,17,26,European Grand Prix,1997-10-26,\N,1997-10-26 \N,dev,2024-04-25
224,1996,1,1,Australian Grand Prix,1996-03-10,\N,1996-03-10 \N,dev,2024-04-25
225,1996,2,18,Brazilian Grand Prix,1996-03-31,\N,1996-03-31 \N,dev,2024-04-25
226,1996,3,25,Argentine Grand Prix,1996-04-07,\N,1996-04-07 \N,dev,2024-04-25
227,1996,4,20,European Grand Prix,1996-04-28,\N,1996-04-28 \N,dev,2024-04-25
228,1996,5,21,San Marino Grand Prix,1996-05-05,\N,1996-05-05 \N,dev,2024-04-25
229,1996,6,6,Monaco Grand Prix,1996-05-19,\N,1996-05-19 \N,dev,2024-04-25
230,1996,7,4,Spanish Grand Prix,1996-06-02,\N,1996-06-02 \N,dev,2024-04-25
231,1996,8,7,Canadian Grand Prix,1996-06-16,\N,1996-06-16 \N,dev,2024-04-25
232,1996,9,8,French Grand Prix,1996-06-30,\N,1996-06-30 \N,dev,2024-04-25
233,1996,10,9,British Grand Prix,1996-07-14,\N,1996-07-14 \N,dev,2024-04-25
234,1996,11,10,German Grand Prix,1996-07-28,\N,1996-07-28 \N,dev,2024-04-25
235,1996,12,11,Hungarian Grand Prix,1996-08-11,\N,1996-08-11 \N,dev,2024-04-25
236,1996,13,13,Belgian Grand Prix,1996-08-25,\N,1996-08-25 \N,dev,2024-04-25
237,1996,14,14,Italian Grand Prix,1996-09-08,\N,1996-09-08 \N,dev,2024-04-25
238,1996,15,27,Portuguese Grand Prix,1996-09-22,\N,1996-09-22 \N,dev,2024-04-25
239,1996,16,22,Japanese Grand Prix,1996-10-13,\N,1996-10-13 \N,dev,2024-04-25
240,1995,1,18,Brazilian Grand Prix,1995-03-26,\N,1995-03-26 \N,dev,2024-04-25
241,1995,2,25,Argentine Grand Prix,1995-04-09,\N,1995-04-09 \N,dev,2024-04-25
242,1995,3,21,San Marino Grand Prix,1995-04-30,\N,1995-04-30 \N,dev,2024-04-25
243,1995,4,4,Spanish Grand Prix,1995-05-14,\N,1995-05-14 \N,dev,2024-04-25
244,1995,5,6,Monaco Grand Prix,1995-05-28,\N,1995-05-28 \N,dev,2024-04-25
245,1995,6,7,Canadian Grand Prix,1995-06-11,\N,1995-06-11 \N,dev,2024-04-25
246,1995,7,8,French Grand Prix,1995-07-02,\N,1995-07-02 \N,dev,2024-04-25
247,1995,8,9,British Grand Prix,1995-07-16,\N,1995-07-16 \N,dev,2024-04-25
248,1995,9,10,German Grand Prix,1995-07-30,\N,1995-07-30 \N,dev,2024-04-25
249,1995,10,11,Hungarian Grand Prix,1995-08-13,\N,1995-08-13 \N,dev,2024-04-25
250,1995,11,13,Belgian Grand Prix,1995-08-27,\N,1995-08-27 \N,dev,2024-04-25
251,1995,12,14,Italian Grand Prix,1995-09-10,\N,1995-09-10 \N,dev,2024-04-25
252,1995,13,27,Portuguese Grand Prix,1995-09-24,\N,1995-09-24 \N,dev,2024-04-25
253,1995,14,20,European Grand Prix,1995-10-01,\N,1995-10-01 \N,dev,2024-04-25
254,1995,15,28,Pacific Grand Prix,1995-10-22,\N,1995-10-22 \N,dev,2024-04-25
255,1995,16,22,Japanese Grand Prix,1995-10-29,\N,1995-10-29 \N,dev,2024-04-25
256,1995,17,29,Australian Grand Prix,1995-11-12,\N,1995-11-12 \N,dev,2024-04-25
257,1994,1,18,Brazilian Grand Prix,1994-03-27,\N,1994-03-27 \N,dev,2024-04-25
258,1994,2,28,Pacific Grand Prix,1994-04-17,\N,1994-04-17 \N,dev,2024-04-25
259,1994,3,21,San Marino Grand Prix,1994-05-01,\N,1994-05-01 \N,dev,2024-04-25
260,1994,4,6,Monaco Grand Prix,1994-05-15,\N,1994-05-15 \N,dev,2024-04-25
261,1994,5,4,Spanish Grand Prix,1994-05-29,\N,1994-05-29 \N,dev,2024-04-25
262,1994,6,7,Canadian Grand Prix,1994-06-12,\N,1994-06-12 \N,dev,2024-04-25
263,1994,7,8,French Grand Prix,1994-07-03,\N,1994-07-03 \N,dev,2024-04-25
264,1994,8,9,British Grand Prix,1994-07-10,\N,1994-07-10 \N,dev,2024-04-25
265,1994,9,10,German Grand Prix,1994-07-31,\N,1994-07-31 \N,dev,2024-04-25
266,1994,10,11,Hungarian Grand Prix,1994-08-14,\N,1994-08-14 \N,dev,2024-04-25
267,1994,11,13,Belgian Grand Prix,1994-08-28,\N,1994-08-28 \N,dev,2024-04-25
268,1994,12,14,Italian Grand Prix,1994-09-11,\N,1994-09-11 \N,dev,2024-04-25
269,1994,13,27,Portuguese Grand Prix,1994-09-25,\N,1994-09-25 \N,dev,2024-04-25
270,1994,14,26,European Grand Prix,1994-10-16,\N,1994-10-16 \N,dev,2024-04-25
271,1994,15,22,Japanese Grand Prix,1994-11-06,\N,1994-11-06 \N,dev,2024-04-25
272,1994,16,29,Australian Grand Prix,1994-11-13,\N,1994-11-13 \N,dev,2024-04-25
273,1993,1,30,South African Grand Prix,1993-03-14,\N,1993-03-14 \N,dev,2024-04-25
274,1993,2,18,Brazilian Grand Prix,1993-03-28,\N,1993-03-28 \N,dev,2024-04-25
275,1993,3,31,European Grand Prix,1993-04-11,\N,1993-04-11 \N,dev,2024-04-25
276,1993,4,21,San Marino Grand Prix,1993-04-25,\N,1993-04-25 \N,dev,2024-04-25
277,1993,5,4,Spanish Grand Prix,1993-05-09,\N,1993-05-09 \N,dev,2024-04-25
278,1993,6,6,Monaco Grand Prix,1993-05-23,\N,1993-05-23 \N,dev,2024-04-25
279,1993,7,7,Canadian Grand Prix,1993-06-13,\N,1993-06-13 \N,dev,2024-04-25
280,1993,8,8,French Grand Prix,1993-07-04,\N,1993-07-04 \N,dev,2024-04-25
281,1993,9,9,British Grand Prix,1993-07-11,\N,1993-07-11 \N,dev,2024-04-25
282,1993,10,10,German Grand Prix,1993-07-25,\N,1993-07-25 \N,dev,2024-04-25
283,1993,11,11,Hungarian Grand Prix,1993-08-15,\N,1993-08-15 \N,dev,2024-04-25
284,1993,12,13,Belgian Grand Prix,1993-08-29,\N,1993-08-29 \N,dev,2024-04-25
285,1993,13,14,Italian Grand Prix,1993-09-12,\N,1993-09-12 \N,dev,2024-04-25
286,1993,14,27,Portuguese Grand Prix,1993-09-26,\N,1993-09-26 \N,dev,2024-04-25
287,1993,15,22,Japanese Grand Prix,1993-10-24,\N,1993-10-24 \N,dev,2024-04-25
288,1993,16,29,Australian Grand Prix,1993-11-07,\N,1993-11-07 \N,dev,2024-04-25
289,1992,1,30,South African Grand Prix,1992-03-01,\N,1992-03-01 \N,dev,2024-04-25
290,1992,2,32,Mexican Grand Prix,1992-03-22,\N,1992-03-22 \N,dev,2024-04-25
291,1992,3,18,Brazilian Grand Prix,1992-04-05,\N,1992-04-05 \N,dev,2024-04-25
292,1992,4,4,Spanish Grand Prix,1992-05-03,\N,1992-05-03 \N,dev,2024-04-25
293,1992,5,21,San Marino Grand Prix,1992-05-17,\N,1992-05-17 \N,dev,2024-04-25
294,1992,6,6,Monaco Grand Prix,1992-05-31,\N,1992-05-31 \N,dev,2024-04-25
295,1992,7,7,Canadian Grand Prix,1992-06-14,\N,1992-06-14 \N,dev,2024-04-25
296,1992,8,8,French Grand Prix,1992-07-05,\N,1992-07-05 \N,dev,2024-04-25
297,1992,9,9,British Grand Prix,1992-07-12,\N,1992-07-12 \N,dev,2024-04-25
298,1992,10,10,German Grand Prix,1992-07-26,\N,1992-07-26 \N,dev,2024-04-25
299,1992,11,11,Hungarian Grand Prix,1992-08-16,\N,1992-08-16 \N,dev,2024-04-25
300,1992,12,13,Belgian Grand Prix,1992-08-30,\N,1992-08-30 \N,dev,2024-04-25
301,1992,13,14,Italian Grand Prix,1992-09-13,\N,1992-09-13 \N,dev,2024-04-25
302,1992,14,27,Portuguese Grand Prix,1992-09-27,\N,1992-09-27 \N,dev,2024-04-25
303,1992,15,22,Japanese Grand Prix,1992-10-25,\N,1992-10-25 \N,dev,2024-04-25
304,1992,16,29,Australian Grand Prix,1992-11-08,\N,1992-11-08 \N,dev,2024-04-25
305,1991,1,33,United States Grand Prix,1991-03-10,\N,1991-03-10 \N,dev,2024-04-25
306,1991,2,18,Brazilian Grand Prix,1991-03-24,\N,1991-03-24 \N,dev,2024-04-25
307,1991,3,21,San Marino Grand Prix,1991-04-28,\N,1991-04-28 \N,dev,2024-04-25
308,1991,4,6,Monaco Grand Prix,1991-05-12,\N,1991-05-12 \N,dev,2024-04-25
309,1991,5,7,Canadian Grand Prix,1991-06-02,\N,1991-06-02 \N,dev,2024-04-25
310,1991,6,32,Mexican Grand Prix,1991-06-16,\N,1991-06-16 \N,dev,2024-04-25
311,1991,7,8,French Grand Prix,1991-07-07,\N,1991-07-07 \N,dev,2024-04-25
312,1991,8,9,British Grand Prix,1991-07-14,\N,1991-07-14 \N,dev,2024-04-25
313,1991,9,10,German Grand Prix,1991-07-28,\N,1991-07-28 \N,dev,2024-04-25
314,1991,10,11,Hungarian Grand Prix,1991-08-11,\N,1991-08-11 \N,dev,2024-04-25
315,1991,11,13,Belgian Grand Prix,1991-08-25,\N,1991-08-25 \N,dev,2024-04-25
316,1991,12,14,Italian Grand Prix,1991-09-08,\N,1991-09-08 \N,dev,2024-04-25
317,1991,13,27,Portuguese Grand Prix,1991-09-22,\N,1991-09-22 \N,dev,2024-04-25
318,1991,14,4,Spanish Grand Prix,1991-09-29,\N,1991-09-29 \N,dev,2024-04-25
319,1991,15,22,Japanese Grand Prix,1991-10-20,\N,1991-10-20 \N,dev,2024-04-25
320,1991,16,29,Australian Grand Prix,1991-11-03,\N,1991-11-03 \N,dev,2024-04-25
321,1990,1,33,United States Grand Prix,1990-03-11,\N,1990-03-11 \N,dev,2024-04-25
322,1990,2,18,Brazilian Grand Prix,1990-03-25,\N,1990-03-25 \N,dev,2024-04-25
323,1990,3,21,San Marino Grand Prix,1990-05-13,\N,1990-05-13 \N,dev,2024-04-25
324,1990,4,6,Monaco Grand Prix,1990-05-27,\N,1990-05-27 \N,dev,2024-04-25
325,1990,5,7,Canadian Grand Prix,1990-06-10,\N,1990-06-10 \N,dev,2024-04-25
326,1990,6,32,Mexican Grand Prix,1990-06-24,\N,1990-06-24 \N,dev,2024-04-25
327,1990,7,34,French Grand Prix,1990-07-08,\N,1990-07-08 \N,dev,2024-04-25
328,1990,8,9,British Grand Prix,1990-07-15,\N,1990-07-15 \N,dev,2024-04-25
329,1990,9,10,German Grand Prix,1990-07-29,\N,1990-07-29 \N,dev,2024-04-25
330,1990,10,11,Hungarian Grand Prix,1990-08-12,\N,1990-08-12 \N,dev,2024-04-25
331,1990,11,13,Belgian Grand Prix,1990-08-26,\N,1990-08-26 \N,dev,2024-04-25
332,1990,12,14,Italian Grand Prix,1990-09-09,\N,1990-09-09 \N,dev,2024-04-25
333,1990,13,27,Portuguese Grand Prix,1990-09-23,\N,1990-09-23 \N,dev,2024-04-25
334,1990,14,26,Spanish Grand Prix,1990-09-30,\N,1990-09-30 \N,dev,2024-04-25
335,1990,15,22,Japanese Grand Prix,1990-10-21,\N,1990-10-21 \N,dev,2024-04-25
336,1990,16,29,Australian Grand Prix,1990-11-04,\N,1990-11-04 \N,dev,2024-04-25
337,2010,1,3,Bahrain Grand Prix,2010-03-14,12:00:00,2010-03-14 12:00:00,dev,2024-04-25
338,2010,2,1,Australian Grand Prix,2010-03-28,06:00:00,2010-03-28 06:00:00,dev,2024-04-25
339,2010,3,2,Malaysian Grand Prix,2010-04-04,08:00:00,2010-04-04 08:00:00,dev,2024-04-25
340,2010,4,17,Chinese Grand Prix,2010-04-18,06:00:00,2010-04-18 06:00:00,dev,2024-04-25
341,2010,5,4,Spanish Grand Prix,2010-05-09,12:00:00,2010-05-09 12:00:00,dev,2024-04-25
342,2010,6,6,Monaco Grand Prix,2010-05-16,12:00:00,2010-05-16 12:00:00,dev,2024-04-25
343,2010,7,5,Turkish Grand Prix,2010-05-30,11:00:00,2010-05-30 11:00:00,dev,2024-04-25
344,2010,8,7,Canadian Grand Prix,2010-06-13,16:00:00,2010-06-13 16:00:00,dev,2024-04-25
345,2010,9,12,European Grand Prix,2010-06-27,12:00:00,2010-06-27 12:00:00,dev,2024-04-25
346,2010,10,9,British Grand Prix,2010-07-11,12:00:00,2010-07-11 12:00:00,dev,2024-04-25
347,2010,11,10,German Grand Prix,2010-07-25,12:00:00,2010-07-25 12:00:00,dev,2024-04-25
348,2010,12,11,Hungarian Grand Prix,2010-08-01,12:00:00,2010-08-01 12:00:00,dev,2024-04-25
349,2010,13,13,Belgian Grand Prix,2010-08-29,12:00:00,2010-08-29 12:00:00,dev,2024-04-25
350,2010,14,14,Italian Grand Prix,2010-09-12,12:00:00,2010-09-12 12:00:00,dev,2024-04-25
351,2010,15,15,Singapore Grand Prix,2010-09-26,12:00:00,2010-09-26 12:00:00,dev,2024-04-25
352,2010,16,22,Japanese Grand Prix,2010-10-10,06:00:00,2010-10-10 06:00:00,dev,2024-04-25
353,2010,17,35,Korean Grand Prix,2010-10-24,05:00:00,2010-10-24 05:00:00,dev,2024-04-25
354,2010,18,18,Brazilian Grand Prix,2010-11-07,16:00:00,2010-11-07 16:00:00,dev,2024-04-25
355,2010,19,24,Abu Dhabi Grand Prix,2010-11-14,13:00:00,2010-11-14 13:00:00,dev,2024-04-25
356,1989,1,36,Brazilian Grand Prix,1989-03-26,\N,1989-03-26 \N,dev,2024-04-25
357,1989,2,21,San Marino Grand Prix,1989-04-23,\N,1989-04-23 \N,dev,2024-04-25
358,1989,3,6,Monaco Grand Prix,1989-05-07,\N,1989-05-07 \N,dev,2024-04-25
359,1989,4,32,Mexican Grand Prix,1989-05-28,\N,1989-05-28 \N,dev,2024-04-25
360,1989,5,33,United States Grand Prix,1989-06-04,\N,1989-06-04 \N,dev,2024-04-25
361,1989,6,7,Canadian Grand Prix,1989-06-18,\N,1989-06-18 \N,dev,2024-04-25
362,1989,7,34,French Grand Prix,1989-07-09,\N,1989-07-09 \N,dev,2024-04-25
363,1989,8,9,British Grand Prix,1989-07-16,\N,1989-07-16 \N,dev,2024-04-25
364,1989,9,10,German Grand Prix,1989-07-30,\N,1989-07-30 \N,dev,2024-04-25
365,1989,10,11,Hungarian Grand Prix,1989-08-13,\N,1989-08-13 \N,dev,2024-04-25
366,1989,11,13,Belgian Grand Prix,1989-08-27,\N,1989-08-27 \N,dev,2024-04-25
367,1989,12,14,Italian Grand Prix,1989-09-10,\N,1989-09-10 \N,dev,2024-04-25
368,1989,13,27,Portuguese Grand Prix,1989-09-24,\N,1989-09-24 \N,dev,2024-04-25
369,1989,14,26,Spanish Grand Prix,1989-10-01,\N,1989-10-01 \N,dev,2024-04-25
370,1989,15,22,Japanese Grand Prix,1989-10-22,\N,1989-10-22 \N,dev,2024-04-25
371,1989,16,29,Australian Grand Prix,1989-11-05,\N,1989-11-05 \N,dev,2024-04-25
372,1988,1,36,Brazilian Grand Prix,1988-04-03,\N,1988-04-03 \N,dev,2024-04-25
373,1988,2,21,San Marino Grand Prix,1988-05-01,\N,1988-05-01 \N,dev,2024-04-25
374,1988,3,6,Monaco Grand Prix,1988-05-15,\N,1988-05-15 \N,dev,2024-04-25
375,1988,4,32,Mexican Grand Prix,1988-05-29,\N,1988-05-29 \N,dev,2024-04-25
376,1988,5,7,Canadian Grand Prix,1988-06-12,\N,1988-06-12 \N,dev,2024-04-25
377,1988,6,37,Detroit Grand Prix,1988-06-19,\N,1988-06-19 \N,dev,2024-04-25
378,1988,7,34,French Grand Prix,1988-07-03,\N,1988-07-03 \N,dev,2024-04-25
379,1988,8,9,British Grand Prix,1988-07-10,\N,1988-07-10 \N,dev,2024-04-25
380,1988,9,10,German Grand Prix,1988-07-24,\N,1988-07-24 \N,dev,2024-04-25
381,1988,10,11,Hungarian Grand Prix,1988-08-07,\N,1988-08-07 \N,dev,2024-04-25
382,1988,11,13,Belgian Grand Prix,1988-08-28,\N,1988-08-28 \N,dev,2024-04-25
383,1988,12,14,Italian Grand Prix,1988-09-11,\N,1988-09-11 \N,dev,2024-04-25
384,1988,13,27,Portuguese Grand Prix,1988-09-25,\N,1988-09-25 \N,dev,2024-04-25
385,1988,14,26,Spanish Grand Prix,1988-10-02,\N,1988-10-02 \N,dev,2024-04-25
386,1988,15,22,Japanese Grand Prix,1988-10-30,\N,1988-10-30 \N,dev,2024-04-25
387,1988,16,29,Australian Grand Prix,1988-11-13,\N,1988-11-13 \N,dev,2024-04-25
388,1987,1,36,Brazilian Grand Prix,1987-04-12,\N,1987-04-12 \N,dev,2024-04-25
389,1987,2,21,San Marino Grand Prix,1987-05-03,\N,1987-05-03 \N,dev,2024-04-25
390,1987,3,13,Belgian Grand Prix,1987-05-17,\N,1987-05-17 \N,dev,2024-04-25
391,1987,4,6,Monaco Grand Prix,1987-05-31,\N,1987-05-31 \N,dev,2024-04-25
392,1987,5,37,Detroit Grand Prix,1987-06-21,\N,1987-06-21 \N,dev,2024-04-25
393,1987,6,34,French Grand Prix,1987-07-05,\N,1987-07-05 \N,dev,2024-04-25
394,1987,7,9,British Grand Prix,1987-07-12,\N,1987-07-12 \N,dev,2024-04-25
395,1987,8,10,German Grand Prix,1987-07-26,\N,1987-07-26 \N,dev,2024-04-25
396,1987,9,11,Hungarian Grand Prix,1987-08-09,\N,1987-08-09 \N,dev,2024-04-25
397,1987,10,23,Austrian Grand Prix,1987-08-16,\N,1987-08-16 \N,dev,2024-04-25
398,1987,11,14,Italian Grand Prix,1987-09-06,\N,1987-09-06 \N,dev,2024-04-25
399,1987,12,27,Portuguese Grand Prix,1987-09-20,\N,1987-09-20 \N,dev,2024-04-25
400,1987,13,26,Spanish Grand Prix,1987-09-27,\N,1987-09-27 \N,dev,2024-04-25
401,1987,14,32,Mexican Grand Prix,1987-10-18,\N,1987-10-18 \N,dev,2024-04-25
402,1987,15,22,Japanese Grand Prix,1987-11-01,\N,1987-11-01 \N,dev,2024-04-25
403,1987,16,29,Australian Grand Prix,1987-11-15,\N,1987-11-15 \N,dev,2024-04-25
404,1986,1,36,Brazilian Grand Prix,1986-03-23,\N,1986-03-23 \N,dev,2024-04-25
405,1986,2,26,Spanish Grand Prix,1986-04-13,\N,1986-04-13 \N,dev,2024-04-25
406,1986,3,21,San Marino Grand Prix,1986-04-27,\N,1986-04-27 \N,dev,2024-04-25
407,1986,4,6,Monaco Grand Prix,1986-05-11,\N,1986-05-11 \N,dev,2024-04-25
408,1986,5,13,Belgian Grand Prix,1986-05-25,\N,1986-05-25 \N,dev,2024-04-25
409,1986,6,7,Canadian Grand Prix,1986-06-15,\N,1986-06-15 \N,dev,2024-04-25
410,1986,7,37,Detroit Grand Prix,1986-06-22,\N,1986-06-22 \N,dev,2024-04-25
411,1986,8,34,French Grand Prix,1986-07-06,\N,1986-07-06 \N,dev,2024-04-25
412,1986,9,38,British Grand Prix,1986-07-13,\N,1986-07-13 \N,dev,2024-04-25
413,1986,10,10,German Grand Prix,1986-07-27,\N,1986-07-27 \N,dev,2024-04-25
414,1986,11,11,Hungarian Grand Prix,1986-08-10,\N,1986-08-10 \N,dev,2024-04-25
415,1986,12,23,Austrian Grand Prix,1986-08-17,\N,1986-08-17 \N,dev,2024-04-25
416,1986,13,14,Italian Grand Prix,1986-09-07,\N,1986-09-07 \N,dev,2024-04-25
417,1986,14,27,Portuguese Grand Prix,1986-09-21,\N,1986-09-21 \N,dev,2024-04-25
418,1986,15,32,Mexican Grand Prix,1986-10-12,\N,1986-10-12 \N,dev,2024-04-25
419,1986,16,29,Australian Grand Prix,1986-10-26,\N,1986-10-26 \N,dev,2024-04-25
420,1985,1,36,Brazilian Grand Prix,1985-04-07,\N,1985-04-07 \N,dev,2024-04-25
421,1985,2,27,Portuguese Grand Prix,1985-04-21,\N,1985-04-21 \N,dev,2024-04-25
422,1985,3,21,San Marino Grand Prix,1985-05-05,\N,1985-05-05 \N,dev,2024-04-25
423,1985,4,6,Monaco Grand Prix,1985-05-19,\N,1985-05-19 \N,dev,2024-04-25
424,1985,5,7,Canadian Grand Prix,1985-06-16,\N,1985-06-16 \N,dev,2024-04-25
425,1985,6,37,Detroit Grand Prix,1985-06-23,\N,1985-06-23 \N,dev,2024-04-25
426,1985,7,34,French Grand Prix,1985-07-07,\N,1985-07-07 \N,dev,2024-04-25
427,1985,8,9,British Grand Prix,1985-07-21,\N,1985-07-21 \N,dev,2024-04-25
428,1985,9,20,German Grand Prix,1985-08-04,\N,1985-08-04 \N,dev,2024-04-25
429,1985,10,23,Austrian Grand Prix,1985-08-18,\N,1985-08-18 \N,dev,2024-04-25
430,1985,11,39,Dutch Grand Prix,1985-08-25,\N,1985-08-25 \N,dev,2024-04-25
431,1985,12,14,Italian Grand Prix,1985-09-08,\N,1985-09-08 \N,dev,2024-04-25
432,1985,13,13,Belgian Grand Prix,1985-09-15,\N,1985-09-15 \N,dev,2024-04-25
433,1985,14,38,European Grand Prix,1985-10-06,\N,1985-10-06 \N,dev,2024-04-25
434,1985,15,30,South African Grand Prix,1985-10-19,\N,1985-10-19 \N,dev,2024-04-25
435,1985,16,29,Australian Grand Prix,1985-11-03,\N,1985-11-03 \N,dev,2024-04-25
436,1984,1,36,Brazilian Grand Prix,1984-03-25,\N,1984-03-25 \N,dev,2024-04-25
437,1984,2,30,South African Grand Prix,1984-04-07,\N,1984-04-07 \N,dev,2024-04-25
438,1984,3,40,Belgian Grand Prix,1984-04-29,\N,1984-04-29 \N,dev,2024-04-25
439,1984,4,21,San Marino Grand Prix,1984-05-06,\N,1984-05-06 \N,dev,2024-04-25
440,1984,5,41,French Grand Prix,1984-05-20,\N,1984-05-20 \N,dev,2024-04-25
441,1984,6,6,Monaco Grand Prix,1984-06-03,\N,1984-06-03 \N,dev,2024-04-25
442,1984,7,7,Canadian Grand Prix,1984-06-17,\N,1984-06-17 \N,dev,2024-04-25
443,1984,8,37,Detroit Grand Prix,1984-06-24,\N,1984-06-24 \N,dev,2024-04-25
444,1984,9,42,Dallas Grand Prix,1984-07-08,\N,1984-07-08 \N,dev,2024-04-25
445,1984,10,38,British Grand Prix,1984-07-22,\N,1984-07-22 \N,dev,2024-04-25
446,1984,11,10,German Grand Prix,1984-08-05,\N,1984-08-05 \N,dev,2024-04-25
447,1984,12,23,Austrian Grand Prix,1984-08-19,\N,1984-08-19 \N,dev,2024-04-25
448,1984,13,39,Dutch Grand Prix,1984-08-26,\N,1984-08-26 \N,dev,2024-04-25
449,1984,14,14,Italian Grand Prix,1984-09-09,\N,1984-09-09 \N,dev,2024-04-25
450,1984,15,20,European Grand Prix,1984-10-07,\N,1984-10-07 \N,dev,2024-04-25
451,1984,16,27,Portuguese Grand Prix,1984-10-21,\N,1984-10-21 \N,dev,2024-04-25
452,1983,1,36,Brazilian Grand Prix,1983-03-13,\N,1983-03-13 \N,dev,2024-04-25
453,1983,2,43,United States Grand Prix West,1983-03-27,\N,1983-03-27 \N,dev,2024-04-25
454,1983,3,34,French Grand Prix,1983-04-17,\N,1983-04-17 \N,dev,2024-04-25
455,1983,4,21,San Marino Grand Prix,1983-05-01,\N,1983-05-01 \N,dev,2024-04-25
456,1983,5,6,Monaco Grand Prix,1983-05-15,\N,1983-05-15 \N,dev,2024-04-25
457,1983,6,13,Belgian Grand Prix,1983-05-22,\N,1983-05-22 \N,dev,2024-04-25
458,1983,7,37,Detroit Grand Prix,1983-06-05,\N,1983-06-05 \N,dev,2024-04-25
459,1983,8,7,Canadian Grand Prix,1983-06-12,\N,1983-06-12 \N,dev,2024-04-25
460,1983,9,9,British Grand Prix,1983-07-16,\N,1983-07-16 \N,dev,2024-04-25
461,1983,10,10,German Grand Prix,1983-08-07,\N,1983-08-07 \N,dev,2024-04-25
462,1983,11,23,Austrian Grand Prix,1983-08-14,\N,1983-08-14 \N,dev,2024-04-25
463,1983,12,39,Dutch Grand Prix,1983-08-28,\N,1983-08-28 \N,dev,2024-04-25
464,1983,13,14,Italian Grand Prix,1983-09-11,\N,1983-09-11 \N,dev,2024-04-25
465,1983,14,38,European Grand Prix,1983-09-25,\N,1983-09-25 \N,dev,2024-04-25
466,1983,15,30,South African Grand Prix,1983-10-15,\N,1983-10-15 \N,dev,2024-04-25
467,1982,1,30,South African Grand Prix,1982-01-23,\N,1982-01-23 \N,dev,2024-04-25
468,1982,2,36,Brazilian Grand Prix,1982-03-21,\N,1982-03-21 \N,dev,2024-04-25
469,1982,3,43,United States Grand Prix West,1982-04-04,\N,1982-04-04 \N,dev,2024-04-25
470,1982,4,21,San Marino Grand Prix,1982-04-25,\N,1982-04-25 \N,dev,2024-04-25
471,1982,5,40,Belgian Grand Prix,1982-05-09,\N,1982-05-09 \N,dev,2024-04-25
472,1982,6,6,Monaco Grand Prix,1982-05-23,\N,1982-05-23 \N,dev,2024-04-25
473,1982,7,37,Detroit Grand Prix,1982-06-06,\N,1982-06-06 \N,dev,2024-04-25
474,1982,8,7,Canadian Grand Prix,1982-06-13,\N,1982-06-13 \N,dev,2024-04-25
475,1982,9,39,Dutch Grand Prix,1982-07-03,\N,1982-07-03 \N,dev,2024-04-25
476,1982,10,38,British Grand Prix,1982-07-18,\N,1982-07-18 \N,dev,2024-04-25
477,1982,11,34,French Grand Prix,1982-07-25,\N,1982-07-25 \N,dev,2024-04-25
478,1982,12,10,German Grand Prix,1982-08-08,\N,1982-08-08 \N,dev,2024-04-25
479,1982,13,23,Austrian Grand Prix,1982-08-15,\N,1982-08-15 \N,dev,2024-04-25
480,1982,14,41,Swiss Grand Prix,1982-08-29,\N,1982-08-29 \N,dev,2024-04-25
481,1982,15,14,Italian Grand Prix,1982-09-12,\N,1982-09-12 \N,dev,2024-04-25
482,1982,16,44,Caesars Palace Grand Prix,1982-09-25,\N,1982-09-25 \N,dev,2024-04-25
483,1981,1,43,United States Grand Prix West,1981-03-15,\N,1981-03-15 \N,dev,2024-04-25
484,1981,2,36,Brazilian Grand Prix,1981-03-29,\N,1981-03-29 \N,dev,2024-04-25
485,1981,3,25,Argentine Grand Prix,1981-04-12,\N,1981-04-12 \N,dev,2024-04-25
486,1981,4,21,San Marino Grand Prix,1981-05-03,\N,1981-05-03 \N,dev,2024-04-25
487,1981,5,40,Belgian Grand Prix,1981-05-17,\N,1981-05-17 \N,dev,2024-04-25
488,1981,6,6,Monaco Grand Prix,1981-05-31,\N,1981-05-31 \N,dev,2024-04-25
489,1981,7,45,Spanish Grand Prix,1981-06-21,\N,1981-06-21 \N,dev,2024-04-25
490,1981,8,41,French Grand Prix,1981-07-05,\N,1981-07-05 \N,dev,2024-04-25
491,1981,9,9,British Grand Prix,1981-07-18,\N,1981-07-18 \N,dev,2024-04-25
492,1981,10,10,German Grand Prix,1981-08-02,\N,1981-08-02 \N,dev,2024-04-25
493,1981,11,23,Austrian Grand Prix,1981-08-16,\N,1981-08-16 \N,dev,2024-04-25
494,1981,12,39,Dutch Grand Prix,1981-08-30,\N,1981-08-30 \N,dev,2024-04-25
495,1981,13,14,Italian Grand Prix,1981-09-13,\N,1981-09-13 \N,dev,2024-04-25
496,1981,14,7,Canadian Grand Prix,1981-09-27,\N,1981-09-27 \N,dev,2024-04-25
497,1981,15,44,Caesars Palace Grand Prix,1981-10-17,\N,1981-10-17 \N,dev,2024-04-25
498,1980,1,25,Argentine Grand Prix,1980-01-13,\N,1980-01-13 \N,dev,2024-04-25
499,1980,2,18,Brazilian Grand Prix,1980-01-27,\N,1980-01-27 \N,dev,2024-04-25
500,1980,3,30,South African Grand Prix,1980-03-01,\N,1980-03-01 \N,dev,2024-04-25
501,1980,4,43,United States Grand Prix West,1980-03-30,\N,1980-03-30 \N,dev,2024-04-25
502,1980,5,40,Belgian Grand Prix,1980-05-04,\N,1980-05-04 \N,dev,2024-04-25
503,1980,6,6,Monaco Grand Prix,1980-05-18,\N,1980-05-18 \N,dev,2024-04-25
504,1980,7,34,French Grand Prix,1980-06-29,\N,1980-06-29 \N,dev,2024-04-25
505,1980,8,38,British Grand Prix,1980-07-13,\N,1980-07-13 \N,dev,2024-04-25
506,1980,9,10,German Grand Prix,1980-08-10,\N,1980-08-10 \N,dev,2024-04-25
507,1980,10,23,Austrian Grand Prix,1980-08-17,\N,1980-08-17 \N,dev,2024-04-25
508,1980,11,39,Dutch Grand Prix,1980-08-31,\N,1980-08-31 \N,dev,2024-04-25
509,1980,12,21,Italian Grand Prix,1980-09-14,\N,1980-09-14 \N,dev,2024-04-25
510,1980,13,7,Canadian Grand Prix,1980-09-28,\N,1980-09-28 \N,dev,2024-04-25
511,1980,14,46,United States Grand Prix,1980-10-05,\N,1980-10-05 \N,dev,2024-04-25
512,1979,1,25,Argentine Grand Prix,1979-01-21,\N,1979-01-21 \N,dev,2024-04-25
513,1979,2,18,Brazilian Grand Prix,1979-02-04,\N,1979-02-04 \N,dev,2024-04-25
514,1979,3,30,South African Grand Prix,1979-03-03,\N,1979-03-03 \N,dev,2024-04-25
515,1979,4,43,United States Grand Prix West,1979-04-08,\N,1979-04-08 \N,dev,2024-04-25
516,1979,5,45,Spanish Grand Prix,1979-04-29,\N,1979-04-29 \N,dev,2024-04-25
517,1979,6,40,Belgian Grand Prix,1979-05-13,\N,1979-05-13 \N,dev,2024-04-25
518,1979,7,6,Monaco Grand Prix,1979-05-27,\N,1979-05-27 \N,dev,2024-04-25
519,1979,8,41,French Grand Prix,1979-07-01,\N,1979-07-01 \N,dev,2024-04-25
520,1979,9,9,British Grand Prix,1979-07-14,\N,1979-07-14 \N,dev,2024-04-25
521,1979,10,10,German Grand Prix,1979-07-29,\N,1979-07-29 \N,dev,2024-04-25
522,1979,11,23,Austrian Grand Prix,1979-08-12,\N,1979-08-12 \N,dev,2024-04-25
523,1979,12,39,Dutch Grand Prix,1979-08-26,\N,1979-08-26 \N,dev,2024-04-25
524,1979,13,14,Italian Grand Prix,1979-09-09,\N,1979-09-09 \N,dev,2024-04-25
525,1979,14,7,Canadian Grand Prix,1979-09-30,\N,1979-09-30 \N,dev,2024-04-25
526,1979,15,46,United States Grand Prix,1979-10-07,\N,1979-10-07 \N,dev,2024-04-25
527,1978,1,25,Argentine Grand Prix,1978-01-15,\N,1978-01-15 \N,dev,2024-04-25
528,1978,2,36,Brazilian Grand Prix,1978-01-29,\N,1978-01-29 \N,dev,2024-04-25
529,1978,3,30,South African Grand Prix,1978-03-04,\N,1978-03-04 \N,dev,2024-04-25
530,1978,4,43,United States Grand Prix West,1978-04-02,\N,1978-04-02 \N,dev,2024-04-25
531,1978,5,6,Monaco Grand Prix,1978-05-07,\N,1978-05-07 \N,dev,2024-04-25
532,1978,6,40,Belgian Grand Prix,1978-05-21,\N,1978-05-21 \N,dev,2024-04-25
533,1978,7,45,Spanish Grand Prix,1978-06-04,\N,1978-06-04 \N,dev,2024-04-25
534,1978,8,47,Swedish Grand Prix,1978-06-17,\N,1978-06-17 \N,dev,2024-04-25
535,1978,9,34,French Grand Prix,1978-07-02,\N,1978-07-02 \N,dev,2024-04-25
536,1978,10,38,British Grand Prix,1978-07-16,\N,1978-07-16 \N,dev,2024-04-25
537,1978,11,10,German Grand Prix,1978-07-30,\N,1978-07-30 \N,dev,2024-04-25
538,1978,12,23,Austrian Grand Prix,1978-08-13,\N,1978-08-13 \N,dev,2024-04-25
539,1978,13,39,Dutch Grand Prix,1978-08-27,\N,1978-08-27 \N,dev,2024-04-25
540,1978,14,14,Italian Grand Prix,1978-09-10,\N,1978-09-10 \N,dev,2024-04-25
541,1978,15,46,United States Grand Prix,1978-10-01,\N,1978-10-01 \N,dev,2024-04-25
542,1978,16,7,Canadian Grand Prix,1978-10-08,\N,1978-10-08 \N,dev,2024-04-25
543,1977,1,25,Argentine Grand Prix,1977-01-09,\N,1977-01-09 \N,dev,2024-04-25
544,1977,2,18,Brazilian Grand Prix,1977-01-23,\N,1977-01-23 \N,dev,2024-04-25
545,1977,3,30,South African Grand Prix,1977-03-05,\N,1977-03-05 \N,dev,2024-04-25
546,1977,4,43,United States Grand Prix West,1977-04-03,\N,1977-04-03 \N,dev,2024-04-25
547,1977,5,45,Spanish Grand Prix,1977-05-08,\N,1977-05-08 \N,dev,2024-04-25
548,1977,6,6,Monaco Grand Prix,1977-05-22,\N,1977-05-22 \N,dev,2024-04-25
549,1977,7,40,Belgian Grand Prix,1977-06-05,\N,1977-06-05 \N,dev,2024-04-25
550,1977,8,47,Swedish Grand Prix,1977-06-19,\N,1977-06-19 \N,dev,2024-04-25
551,1977,9,41,French Grand Prix,1977-07-03,\N,1977-07-03 \N,dev,2024-04-25
552,1977,10,9,British Grand Prix,1977-07-16,\N,1977-07-16 \N,dev,2024-04-25
553,1977,11,10,German Grand Prix,1977-07-31,\N,1977-07-31 \N,dev,2024-04-25
554,1977,12,23,Austrian Grand Prix,1977-08-14,\N,1977-08-14 \N,dev,2024-04-25
555,1977,13,39,Dutch Grand Prix,1977-08-28,\N,1977-08-28 \N,dev,2024-04-25
556,1977,14,14,Italian Grand Prix,1977-09-11,\N,1977-09-11 \N,dev,2024-04-25
557,1977,15,46,United States Grand Prix,1977-10-02,\N,1977-10-02 \N,dev,2024-04-25
558,1977,16,48,Canadian Grand Prix,1977-10-09,\N,1977-10-09 \N,dev,2024-04-25
559,1977,17,16,Japanese Grand Prix,1977-10-23,\N,1977-10-23 \N,dev,2024-04-25
560,1976,1,18,Brazilian Grand Prix,1976-01-25,\N,1976-01-25 \N,dev,2024-04-25
561,1976,2,30,South African Grand Prix,1976-03-06,\N,1976-03-06 \N,dev,2024-04-25
562,1976,3,43,United States Grand Prix West,1976-03-28,\N,1976-03-28 \N,dev,2024-04-25
563,1976,4,45,Spanish Grand Prix,1976-05-02,\N,1976-05-02 \N,dev,2024-04-25
564,1976,5,40,Belgian Grand Prix,1976-05-16,\N,1976-05-16 \N,dev,2024-04-25
565,1976,6,6,Monaco Grand Prix,1976-05-30,\N,1976-05-30 \N,dev,2024-04-25
566,1976,7,47,Swedish Grand Prix,1976-06-13,\N,1976-06-13 \N,dev,2024-04-25
567,1976,8,34,French Grand Prix,1976-07-04,\N,1976-07-04 \N,dev,2024-04-25
568,1976,9,38,British Grand Prix,1976-07-18,\N,1976-07-18 \N,dev,2024-04-25
569,1976,10,20,German Grand Prix,1976-08-01,\N,1976-08-01 \N,dev,2024-04-25
570,1976,11,23,Austrian Grand Prix,1976-08-15,\N,1976-08-15 \N,dev,2024-04-25
571,1976,12,39,Dutch Grand Prix,1976-08-29,\N,1976-08-29 \N,dev,2024-04-25
572,1976,13,14,Italian Grand Prix,1976-09-12,\N,1976-09-12 \N,dev,2024-04-25
573,1976,14,48,Canadian Grand Prix,1976-10-03,\N,1976-10-03 \N,dev,2024-04-25
574,1976,15,46,United States Grand Prix,1976-10-10,\N,1976-10-10 \N,dev,2024-04-25
575,1976,16,16,Japanese Grand Prix,1976-10-24,\N,1976-10-24 \N,dev,2024-04-25
576,1975,1,25,Argentine Grand Prix,1975-01-12,\N,1975-01-12 \N,dev,2024-04-25
577,1975,2,18,Brazilian Grand Prix,1975-01-26,\N,1975-01-26 \N,dev,2024-04-25
578,1975,3,30,South African Grand Prix,1975-03-01,\N,1975-03-01 \N,dev,2024-04-25
579,1975,4,49,Spanish Grand Prix,1975-04-27,\N,1975-04-27 \N,dev,2024-04-25
580,1975,5,6,Monaco Grand Prix,1975-05-11,\N,1975-05-11 \N,dev,2024-04-25
581,1975,6,40,Belgian Grand Prix,1975-05-25,\N,1975-05-25 \N,dev,2024-04-25
582,1975,7,47,Swedish Grand Prix,1975-06-08,\N,1975-06-08 \N,dev,2024-04-25
583,1975,8,39,Dutch Grand Prix,1975-06-22,\N,1975-06-22 \N,dev,2024-04-25
584,1975,9,34,French Grand Prix,1975-07-06,\N,1975-07-06 \N,dev,2024-04-25
585,1975,10,9,British Grand Prix,1975-07-19,\N,1975-07-19 \N,dev,2024-04-25
586,1975,11,20,German Grand Prix,1975-08-03,\N,1975-08-03 \N,dev,2024-04-25
587,1975,12,23,Austrian Grand Prix,1975-08-17,\N,1975-08-17 \N,dev,2024-04-25
588,1975,13,14,Italian Grand Prix,1975-09-07,\N,1975-09-07 \N,dev,2024-04-25
589,1975,14,46,United States Grand Prix,1975-10-05,\N,1975-10-05 \N,dev,2024-04-25
590,1974,1,25,Argentine Grand Prix,1974-01-13,\N,1974-01-13 \N,dev,2024-04-25
591,1974,2,18,Brazilian Grand Prix,1974-01-27,\N,1974-01-27 \N,dev,2024-04-25
592,1974,3,30,South African Grand Prix,1974-03-30,\N,1974-03-30 \N,dev,2024-04-25
593,1974,4,45,Spanish Grand Prix,1974-04-28,\N,1974-04-28 \N,dev,2024-04-25
594,1974,5,50,Belgian Grand Prix,1974-05-12,\N,1974-05-12 \N,dev,2024-04-25
595,1974,6,6,Monaco Grand Prix,1974-05-26,\N,1974-05-26 \N,dev,2024-04-25
596,1974,7,47,Swedish Grand Prix,1974-06-09,\N,1974-06-09 \N,dev,2024-04-25
597,1974,8,39,Dutch Grand Prix,1974-06-23,\N,1974-06-23 \N,dev,2024-04-25
598,1974,9,41,French Grand Prix,1974-07-07,\N,1974-07-07 \N,dev,2024-04-25
599,1974,10,38,British Grand Prix,1974-07-20,\N,1974-07-20 \N,dev,2024-04-25
600,1974,11,20,German Grand Prix,1974-08-04,\N,1974-08-04 \N,dev,2024-04-25
601,1974,12,23,Austrian Grand Prix,1974-08-18,\N,1974-08-18 \N,dev,2024-04-25
602,1974,13,14,Italian Grand Prix,1974-09-08,\N,1974-09-08 \N,dev,2024-04-25
603,1974,14,48,Canadian Grand Prix,1974-09-22,\N,1974-09-22 \N,dev,2024-04-25
604,1974,15,46,United States Grand Prix,1974-10-06,\N,1974-10-06 \N,dev,2024-04-25
605,1973,1,25,Argentine Grand Prix,1973-01-28,\N,1973-01-28 \N,dev,2024-04-25
606,1973,2,18,Brazilian Grand Prix,1973-02-11,\N,1973-02-11 \N,dev,2024-04-25
607,1973,3,30,South African Grand Prix,1973-03-03,\N,1973-03-03 \N,dev,2024-04-25
608,1973,4,49,Spanish Grand Prix,1973-04-29,\N,1973-04-29 \N,dev,2024-04-25
609,1973,5,40,Belgian Grand Prix,1973-05-20,\N,1973-05-20 \N,dev,2024-04-25
610,1973,6,6,Monaco Grand Prix,1973-06-03,\N,1973-06-03 \N,dev,2024-04-25
611,1973,7,47,Swedish Grand Prix,1973-06-17,\N,1973-06-17 \N,dev,2024-04-25
612,1973,8,34,French Grand Prix,1973-07-01,\N,1973-07-01 \N,dev,2024-04-25
613,1973,9,9,British Grand Prix,1973-07-14,\N,1973-07-14 \N,dev,2024-04-25
614,1973,10,39,Dutch Grand Prix,1973-07-29,\N,1973-07-29 \N,dev,2024-04-25
615,1973,11,20,German Grand Prix,1973-08-05,\N,1973-08-05 \N,dev,2024-04-25
616,1973,12,23,Austrian Grand Prix,1973-08-19,\N,1973-08-19 \N,dev,2024-04-25
617,1973,13,14,Italian Grand Prix,1973-09-09,\N,1973-09-09 \N,dev,2024-04-25
618,1973,14,48,Canadian Grand Prix,1973-09-23,\N,1973-09-23 \N,dev,2024-04-25
619,1973,15,46,United States Grand Prix,1973-10-07,\N,1973-10-07 \N,dev,2024-04-25
620,1972,1,25,Argentine Grand Prix,1972-01-23,\N,1972-01-23 \N,dev,2024-04-25
621,1972,2,30,South African Grand Prix,1972-03-04,\N,1972-03-04 \N,dev,2024-04-25
622,1972,3,45,Spanish Grand Prix,1972-05-01,\N,1972-05-01 \N,dev,2024-04-25
623,1972,4,6,Monaco Grand Prix,1972-05-14,\N,1972-05-14 \N,dev,2024-04-25
624,1972,5,50,Belgian Grand Prix,1972-06-04,\N,1972-06-04 \N,dev,2024-04-25
625,1972,6,51,French Grand Prix,1972-07-02,\N,1972-07-02 \N,dev,2024-04-25
626,1972,7,38,British Grand Prix,1972-07-15,\N,1972-07-15 \N,dev,2024-04-25
627,1972,8,20,German Grand Prix,1972-07-30,\N,1972-07-30 \N,dev,2024-04-25
628,1972,9,23,Austrian Grand Prix,1972-08-13,\N,1972-08-13 \N,dev,2024-04-25
629,1972,10,14,Italian Grand Prix,1972-09-10,\N,1972-09-10 \N,dev,2024-04-25
630,1972,11,48,Canadian Grand Prix,1972-09-24,\N,1972-09-24 \N,dev,2024-04-25
631,1972,12,46,United States Grand Prix,1972-10-08,\N,1972-10-08 \N,dev,2024-04-25
632,1971,1,30,South African Grand Prix,1971-03-06,\N,1971-03-06 \N,dev,2024-04-25
633,1971,2,49,Spanish Grand Prix,1971-04-18,\N,1971-04-18 \N,dev,2024-04-25
634,1971,3,6,Monaco Grand Prix,1971-05-23,\N,1971-05-23 \N,dev,2024-04-25
635,1971,4,39,Dutch Grand Prix,1971-06-20,\N,1971-06-20 \N,dev,2024-04-25
636,1971,5,34,French Grand Prix,1971-07-04,\N,1971-07-04 \N,dev,2024-04-25
637,1971,6,9,British Grand Prix,1971-07-17,\N,1971-07-17 \N,dev,2024-04-25
638,1971,7,20,German Grand Prix,1971-08-01,\N,1971-08-01 \N,dev,2024-04-25
639,1971,8,23,Austrian Grand Prix,1971-08-15,\N,1971-08-15 \N,dev,2024-04-25
640,1971,9,14,Italian Grand Prix,1971-09-05,\N,1971-09-05 \N,dev,2024-04-25
641,1971,10,48,Canadian Grand Prix,1971-09-19,\N,1971-09-19 \N,dev,2024-04-25
642,1971,11,46,United States Grand Prix,1971-10-03,\N,1971-10-03 \N,dev,2024-04-25
643,1970,1,30,South African Grand Prix,1970-03-07,\N,1970-03-07 \N,dev,2024-04-25
644,1970,2,45,Spanish Grand Prix,1970-04-19,\N,1970-04-19 \N,dev,2024-04-25
645,1970,3,6,Monaco Grand Prix,1970-05-10,\N,1970-05-10 \N,dev,2024-04-25
646,1970,4,13,Belgian Grand Prix,1970-06-07,\N,1970-06-07 \N,dev,2024-04-25
647,1970,5,39,Dutch Grand Prix,1970-06-21,\N,1970-06-21 \N,dev,2024-04-25
648,1970,6,51,French Grand Prix,1970-07-05,\N,1970-07-05 \N,dev,2024-04-25
649,1970,7,38,British Grand Prix,1970-07-18,\N,1970-07-18 \N,dev,2024-04-25
650,1970,8,10,German Grand Prix,1970-08-02,\N,1970-08-02 \N,dev,2024-04-25
651,1970,9,23,Austrian Grand Prix,1970-08-16,\N,1970-08-16 \N,dev,2024-04-25
652,1970,10,14,Italian Grand Prix,1970-09-06,\N,1970-09-06 \N,dev,2024-04-25
653,1970,11,52,Canadian Grand Prix,1970-09-20,\N,1970-09-20 \N,dev,2024-04-25
654,1970,12,46,United States Grand Prix,1970-10-04,\N,1970-10-04 \N,dev,2024-04-25
655,1970,13,32,Mexican Grand Prix,1970-10-25,\N,1970-10-25 \N,dev,2024-04-25
656,1969,1,30,South African Grand Prix,1969-03-01,\N,1969-03-01 \N,dev,2024-04-25
657,1969,2,49,Spanish Grand Prix,1969-05-04,\N,1969-05-04 \N,dev,2024-04-25
658,1969,3,6,Monaco Grand Prix,1969-05-18,\N,1969-05-18 \N,dev,2024-04-25
659,1969,4,39,Dutch Grand Prix,1969-06-21,\N,1969-06-21 \N,dev,2024-04-25
660,1969,5,51,French Grand Prix,1969-07-06,\N,1969-07-06 \N,dev,2024-04-25
661,1969,6,9,British Grand Prix,1969-07-19,\N,1969-07-19 \N,dev,2024-04-25
662,1969,7,20,German Grand Prix,1969-08-03,\N,1969-08-03 \N,dev,2024-04-25
663,1969,8,14,Italian Grand Prix,1969-09-07,\N,1969-09-07 \N,dev,2024-04-25
664,1969,9,48,Canadian Grand Prix,1969-09-20,\N,1969-09-20 \N,dev,2024-04-25
665,1969,10,46,United States Grand Prix,1969-10-05,\N,1969-10-05 \N,dev,2024-04-25
666,1969,11,32,Mexican Grand Prix,1969-10-19,\N,1969-10-19 \N,dev,2024-04-25
667,1968,1,30,South African Grand Prix,1968-01-01,\N,1968-01-01 \N,dev,2024-04-25
668,1968,2,45,Spanish Grand Prix,1968-05-12,\N,1968-05-12 \N,dev,2024-04-25
669,1968,3,6,Monaco Grand Prix,1968-05-26,\N,1968-05-26 \N,dev,2024-04-25
670,1968,4,13,Belgian Grand Prix,1968-06-09,\N,1968-06-09 \N,dev,2024-04-25
671,1968,5,39,Dutch Grand Prix,1968-06-23,\N,1968-06-23 \N,dev,2024-04-25
672,1968,6,53,French Grand Prix,1968-07-07,\N,1968-07-07 \N,dev,2024-04-25
673,1968,7,38,British Grand Prix,1968-07-20,\N,1968-07-20 \N,dev,2024-04-25
674,1968,8,20,German Grand Prix,1968-08-04,\N,1968-08-04 \N,dev,2024-04-25
675,1968,9,14,Italian Grand Prix,1968-09-08,\N,1968-09-08 \N,dev,2024-04-25
676,1968,10,52,Canadian Grand Prix,1968-09-22,\N,1968-09-22 \N,dev,2024-04-25
677,1968,11,46,United States Grand Prix,1968-10-06,\N,1968-10-06 \N,dev,2024-04-25
678,1968,12,32,Mexican Grand Prix,1968-11-03,\N,1968-11-03 \N,dev,2024-04-25
679,1967,1,30,South African Grand Prix,1967-01-02,\N,1967-01-02 \N,dev,2024-04-25
680,1967,2,6,Monaco Grand Prix,1967-05-07,\N,1967-05-07 \N,dev,2024-04-25
681,1967,3,39,Dutch Grand Prix,1967-06-04,\N,1967-06-04 \N,dev,2024-04-25
682,1967,4,13,Belgian Grand Prix,1967-06-18,\N,1967-06-18 \N,dev,2024-04-25
683,1967,5,54,French Grand Prix,1967-07-02,\N,1967-07-02 \N,dev,2024-04-25
684,1967,6,9,British Grand Prix,1967-07-15,\N,1967-07-15 \N,dev,2024-04-25
685,1967,7,20,German Grand Prix,1967-08-06,\N,1967-08-06 \N,dev,2024-04-25
686,1967,8,48,Canadian Grand Prix,1967-08-27,\N,1967-08-27 \N,dev,2024-04-25
687,1967,9,14,Italian Grand Prix,1967-09-10,\N,1967-09-10 \N,dev,2024-04-25
688,1967,10,46,United States Grand Prix,1967-10-01,\N,1967-10-01 \N,dev,2024-04-25
689,1967,11,32,Mexican Grand Prix,1967-10-22,\N,1967-10-22 \N,dev,2024-04-25
690,1966,1,6,Monaco Grand Prix,1966-05-22,\N,1966-05-22 \N,dev,2024-04-25
691,1966,2,13,Belgian Grand Prix,1966-06-12,\N,1966-06-12 \N,dev,2024-04-25
692,1966,3,55,French Grand Prix,1966-07-03,\N,1966-07-03 \N,dev,2024-04-25
693,1966,4,38,British Grand Prix,1966-07-16,\N,1966-07-16 \N,dev,2024-04-25
694,1966,5,39,Dutch Grand Prix,1966-07-24,\N,1966-07-24 \N,dev,2024-04-25
695,1966,6,20,German Grand Prix,1966-08-07,\N,1966-08-07 \N,dev,2024-04-25
696,1966,7,14,Italian Grand Prix,1966-09-04,\N,1966-09-04 \N,dev,2024-04-25
697,1966,8,46,United States Grand Prix,1966-10-02,\N,1966-10-02 \N,dev,2024-04-25
698,1966,9,32,Mexican Grand Prix,1966-10-23,\N,1966-10-23 \N,dev,2024-04-25
699,1965,1,56,South African Grand Prix,1965-01-01,\N,1965-01-01 \N,dev,2024-04-25
700,1965,2,6,Monaco Grand Prix,1965-05-30,\N,1965-05-30 \N,dev,2024-04-25
701,1965,3,13,Belgian Grand Prix,1965-06-13,\N,1965-06-13 \N,dev,2024-04-25
702,1965,4,51,French Grand Prix,1965-06-27,\N,1965-06-27 \N,dev,2024-04-25
703,1965,5,9,British Grand Prix,1965-07-10,\N,1965-07-10 \N,dev,2024-04-25
704,1965,6,39,Dutch Grand Prix,1965-07-18,\N,1965-07-18 \N,dev,2024-04-25
705,1965,7,20,German Grand Prix,1965-08-01,\N,1965-08-01 \N,dev,2024-04-25
706,1965,8,14,Italian Grand Prix,1965-09-12,\N,1965-09-12 \N,dev,2024-04-25
707,1965,9,46,United States Grand Prix,1965-10-03,\N,1965-10-03 \N,dev,2024-04-25
708,1965,10,32,Mexican Grand Prix,1965-10-24,\N,1965-10-24 \N,dev,2024-04-25
709,1964,1,6,Monaco Grand Prix,1964-05-10,\N,1964-05-10 \N,dev,2024-04-25
710,1964,2,39,Dutch Grand Prix,1964-05-24,\N,1964-05-24 \N,dev,2024-04-25
711,1964,3,13,Belgian Grand Prix,1964-06-14,\N,1964-06-14 \N,dev,2024-04-25
712,1964,4,53,French Grand Prix,1964-06-28,\N,1964-06-28 \N,dev,2024-04-25
713,1964,5,38,British Grand Prix,1964-07-11,\N,1964-07-11 \N,dev,2024-04-25
714,1964,6,20,German Grand Prix,1964-08-02,\N,1964-08-02 \N,dev,2024-04-25
715,1964,7,57,Austrian Grand Prix,1964-08-23,\N,1964-08-23 \N,dev,2024-04-25
716,1964,8,14,Italian Grand Prix,1964-09-06,\N,1964-09-06 \N,dev,2024-04-25
717,1964,9,46,United States Grand Prix,1964-10-04,\N,1964-10-04 \N,dev,2024-04-25
718,1964,10,32,Mexican Grand Prix,1964-10-25,\N,1964-10-25 \N,dev,2024-04-25
719,1963,1,6,Monaco Grand Prix,1963-05-26,\N,1963-05-26 \N,dev,2024-04-25
720,1963,2,13,Belgian Grand Prix,1963-06-09,\N,1963-06-09 \N,dev,2024-04-25
721,1963,3,39,Dutch Grand Prix,1963-06-23,\N,1963-06-23 \N,dev,2024-04-25
722,1963,4,55,French Grand Prix,1963-06-30,\N,1963-06-30 \N,dev,2024-04-25
723,1963,5,9,British Grand Prix,1963-07-20,\N,1963-07-20 \N,dev,2024-04-25
724,1963,6,20,German Grand Prix,1963-08-04,\N,1963-08-04 \N,dev,2024-04-25
725,1963,7,14,Italian Grand Prix,1963-09-08,\N,1963-09-08 \N,dev,2024-04-25
726,1963,8,46,United States Grand Prix,1963-10-06,\N,1963-10-06 \N,dev,2024-04-25
727,1963,9,32,Mexican Grand Prix,1963-10-27,\N,1963-10-27 \N,dev,2024-04-25
728,1963,10,56,South African Grand Prix,1963-12-28,\N,1963-12-28 \N,dev,2024-04-25
729,1962,1,39,Dutch Grand Prix,1962-05-20,\N,1962-05-20 \N,dev,2024-04-25
730,1962,2,6,Monaco Grand Prix,1962-06-03,\N,1962-06-03 \N,dev,2024-04-25
731,1962,3,13,Belgian Grand Prix,1962-06-17,\N,1962-06-17 \N,dev,2024-04-25
732,1962,4,53,French Grand Prix,1962-07-08,\N,1962-07-08 \N,dev,2024-04-25
733,1962,5,58,British Grand Prix,1962-07-21,\N,1962-07-21 \N,dev,2024-04-25
734,1962,6,20,German Grand Prix,1962-08-05,\N,1962-08-05 \N,dev,2024-04-25
735,1962,7,14,Italian Grand Prix,1962-09-16,\N,1962-09-16 \N,dev,2024-04-25
736,1962,8,46,United States Grand Prix,1962-10-07,\N,1962-10-07 \N,dev,2024-04-25
737,1962,9,56,South African Grand Prix,1962-12-29,\N,1962-12-29 \N,dev,2024-04-25
738,1961,1,6,Monaco Grand Prix,1961-05-14,\N,1961-05-14 \N,dev,2024-04-25
739,1961,2,39,Dutch Grand Prix,1961-05-22,\N,1961-05-22 \N,dev,2024-04-25
740,1961,3,13,Belgian Grand Prix,1961-06-18,\N,1961-06-18 \N,dev,2024-04-25
741,1961,4,55,French Grand Prix,1961-07-02,\N,1961-07-02 \N,dev,2024-04-25
742,1961,5,58,British Grand Prix,1961-07-15,\N,1961-07-15 \N,dev,2024-04-25
743,1961,6,20,German Grand Prix,1961-08-06,\N,1961-08-06 \N,dev,2024-04-25
744,1961,7,14,Italian Grand Prix,1961-09-10,\N,1961-09-10 \N,dev,2024-04-25
745,1961,8,46,United States Grand Prix,1961-10-08,\N,1961-10-08 \N,dev,2024-04-25
746,1960,1,25,Argentine Grand Prix,1960-02-07,\N,1960-02-07 \N,dev,2024-04-25
747,1960,2,6,Monaco Grand Prix,1960-05-29,\N,1960-05-29 \N,dev,2024-04-25
748,1960,3,19,Indianapolis 500,1960-05-30,\N,1960-05-30 \N,dev,2024-04-25
749,1960,4,39,Dutch Grand Prix,1960-06-06,\N,1960-06-06 \N,dev,2024-04-25
750,1960,5,13,Belgian Grand Prix,1960-06-19,\N,1960-06-19 \N,dev,2024-04-25
751,1960,6,55,French Grand Prix,1960-07-03,\N,1960-07-03 \N,dev,2024-04-25
752,1960,7,9,British Grand Prix,1960-07-16,\N,1960-07-16 \N,dev,2024-04-25
753,1960,8,59,Portuguese Grand Prix,1960-08-14,\N,1960-08-14 \N,dev,2024-04-25
754,1960,9,14,Italian Grand Prix,1960-09-04,\N,1960-09-04 \N,dev,2024-04-25
755,1960,10,60,United States Grand Prix,1960-11-20,\N,1960-11-20 \N,dev,2024-04-25
756,1959,1,6,Monaco Grand Prix,1959-05-10,\N,1959-05-10 \N,dev,2024-04-25
757,1959,2,19,Indianapolis 500,1959-05-30,\N,1959-05-30 \N,dev,2024-04-25
758,1959,3,39,Dutch Grand Prix,1959-05-31,\N,1959-05-31 \N,dev,2024-04-25
759,1959,4,55,French Grand Prix,1959-07-05,\N,1959-07-05 \N,dev,2024-04-25
760,1959,5,58,British Grand Prix,1959-07-18,\N,1959-07-18 \N,dev,2024-04-25
761,1959,6,61,German Grand Prix,1959-08-02,\N,1959-08-02 \N,dev,2024-04-25
762,1959,7,62,Portuguese Grand Prix,1959-08-23,\N,1959-08-23 \N,dev,2024-04-25
763,1959,8,14,Italian Grand Prix,1959-09-13,\N,1959-09-13 \N,dev,2024-04-25
764,1959,9,63,United States Grand Prix,1959-12-12,\N,1959-12-12 \N,dev,2024-04-25
765,1958,1,25,Argentine Grand Prix,1958-01-19,\N,1958-01-19 \N,dev,2024-04-25
766,1958,2,6,Monaco Grand Prix,1958-05-18,\N,1958-05-18 \N,dev,2024-04-25
767,1958,3,39,Dutch Grand Prix,1958-05-26,\N,1958-05-26 \N,dev,2024-04-25
768,1958,4,19,Indianapolis 500,1958-05-30,\N,1958-05-30 \N,dev,2024-04-25
769,1958,5,13,Belgian Grand Prix,1958-06-15,\N,1958-06-15 \N,dev,2024-04-25
770,1958,6,55,French Grand Prix,1958-07-06,\N,1958-07-06 \N,dev,2024-04-25
771,1958,7,9,British Grand Prix,1958-07-19,\N,1958-07-19 \N,dev,2024-04-25
772,1958,8,20,German Grand Prix,1958-08-03,\N,1958-08-03 \N,dev,2024-04-25
773,1958,9,59,Portuguese Grand Prix,1958-08-24,\N,1958-08-24 \N,dev,2024-04-25
774,1958,10,14,Italian Grand Prix,1958-09-07,\N,1958-09-07 \N,dev,2024-04-25
775,1958,11,64,Moroccan Grand Prix,1958-10-19,\N,1958-10-19 \N,dev,2024-04-25
776,1957,1,25,Argentine Grand Prix,1957-01-13,\N,1957-01-13 \N,dev,2024-04-25
777,1957,2,6,Monaco Grand Prix,1957-05-19,\N,1957-05-19 \N,dev,2024-04-25
778,1957,3,19,Indianapolis 500,1957-05-30,\N,1957-05-30 \N,dev,2024-04-25
779,1957,4,53,French Grand Prix,1957-07-07,\N,1957-07-07 \N,dev,2024-04-25
780,1957,5,58,British Grand Prix,1957-07-20,\N,1957-07-20 \N,dev,2024-04-25
781,1957,6,20,German Grand Prix,1957-08-04,\N,1957-08-04 \N,dev,2024-04-25
782,1957,7,65,Pescara Grand Prix,1957-08-18,\N,1957-08-18 \N,dev,2024-04-25
783,1957,8,14,Italian Grand Prix,1957-09-08,\N,1957-09-08 \N,dev,2024-04-25
784,1956,1,25,Argentine Grand Prix,1956-01-22,\N,1956-01-22 \N,dev,2024-04-25
785,1956,2,6,Monaco Grand Prix,1956-05-13,\N,1956-05-13 \N,dev,2024-04-25
786,1956,3,19,Indianapolis 500,1956-05-30,\N,1956-05-30 \N,dev,2024-04-25
787,1956,4,13,Belgian Grand Prix,1956-06-03,\N,1956-06-03 \N,dev,2024-04-25
788,1956,5,55,French Grand Prix,1956-07-01,\N,1956-07-01 \N,dev,2024-04-25
789,1956,6,9,British Grand Prix,1956-07-14,\N,1956-07-14 \N,dev,2024-04-25
790,1956,7,20,German Grand Prix,1956-08-05,\N,1956-08-05 \N,dev,2024-04-25
791,1956,8,14,Italian Grand Prix,1956-09-02,\N,1956-09-02 \N,dev,2024-04-25
792,1955,1,25,Argentine Grand Prix,1955-01-16,\N,1955-01-16 \N,dev,2024-04-25
793,1955,2,6,Monaco Grand Prix,1955-05-22,\N,1955-05-22 \N,dev,2024-04-25
794,1955,3,19,Indianapolis 500,1955-05-30,\N,1955-05-30 \N,dev,2024-04-25
795,1955,4,13,Belgian Grand Prix,1955-06-05,\N,1955-06-05 \N,dev,2024-04-25
796,1955,5,39,Dutch Grand Prix,1955-06-19,\N,1955-06-19 \N,dev,2024-04-25
797,1955,6,58,British Grand Prix,1955-07-16,\N,1955-07-16 \N,dev,2024-04-25
798,1955,7,14,Italian Grand Prix,1955-09-11,\N,1955-09-11 \N,dev,2024-04-25
799,1954,1,25,Argentine Grand Prix,1954-01-17,\N,1954-01-17 \N,dev,2024-04-25
800,1954,2,19,Indianapolis 500,1954-05-31,\N,1954-05-31 \N,dev,2024-04-25
801,1954,3,13,Belgian Grand Prix,1954-06-20,\N,1954-06-20 \N,dev,2024-04-25
802,1954,4,55,French Grand Prix,1954-07-04,\N,1954-07-04 \N,dev,2024-04-25
803,1954,5,9,British Grand Prix,1954-07-17,\N,1954-07-17 \N,dev,2024-04-25
804,1954,6,20,German Grand Prix,1954-08-01,\N,1954-08-01 \N,dev,2024-04-25
805,1954,7,66,Swiss Grand Prix,1954-08-22,\N,1954-08-22 \N,dev,2024-04-25
806,1954,8,14,Italian Grand Prix,1954-09-05,\N,1954-09-05 \N,dev,2024-04-25
807,1954,9,67,Spanish Grand Prix,1954-10-24,\N,1954-10-24 \N,dev,2024-04-25
808,1953,1,25,Argentine Grand Prix,1953-01-18,\N,1953-01-18 \N,dev,2024-04-25
809,1953,2,19,Indianapolis 500,1953-05-30,\N,1953-05-30 \N,dev,2024-04-25
810,1953,3,39,Dutch Grand Prix,1953-06-07,\N,1953-06-07 \N,dev,2024-04-25
811,1953,4,13,Belgian Grand Prix,1953-06-21,\N,1953-06-21 \N,dev,2024-04-25
812,1953,5,55,French Grand Prix,1953-07-05,\N,1953-07-05 \N,dev,2024-04-25
813,1953,6,9,British Grand Prix,1953-07-18,\N,1953-07-18 \N,dev,2024-04-25
814,1953,7,20,German Grand Prix,1953-08-02,\N,1953-08-02 \N,dev,2024-04-25
815,1953,8,66,Swiss Grand Prix,1953-08-23,\N,1953-08-23 \N,dev,2024-04-25
816,1953,9,14,Italian Grand Prix,1953-09-13,\N,1953-09-13 \N,dev,2024-04-25
817,1952,1,66,Swiss Grand Prix,1952-05-18,\N,1952-05-18 \N,dev,2024-04-25
818,1952,2,19,Indianapolis 500,1952-05-30,\N,1952-05-30 \N,dev,2024-04-25
819,1952,3,13,Belgian Grand Prix,1952-06-22,\N,1952-06-22 \N,dev,2024-04-25
820,1952,4,53,French Grand Prix,1952-07-06,\N,1952-07-06 \N,dev,2024-04-25
821,1952,5,9,British Grand Prix,1952-07-19,\N,1952-07-19 \N,dev,2024-04-25
822,1952,6,20,German Grand Prix,1952-08-03,\N,1952-08-03 \N,dev,2024-04-25
823,1952,7,39,Dutch Grand Prix,1952-08-17,\N,1952-08-17 \N,dev,2024-04-25
824,1952,8,14,Italian Grand Prix,1952-09-07,\N,1952-09-07 \N,dev,2024-04-25
825,1951,1,66,Swiss Grand Prix,1951-05-27,\N,1951-05-27 \N,dev,2024-04-25
826,1951,2,19,Indianapolis 500,1951-05-30,\N,1951-05-30 \N,dev,2024-04-25
827,1951,3,13,Belgian Grand Prix,1951-06-17,\N,1951-06-17 \N,dev,2024-04-25
828,1951,4,55,French Grand Prix,1951-07-01,\N,1951-07-01 \N,dev,2024-04-25
829,1951,5,9,British Grand Prix,1951-07-14,\N,1951-07-14 \N,dev,2024-04-25
830,1951,6,20,German Grand Prix,1951-07-29,\N,1951-07-29 \N,dev,2024-04-25
831,1951,7,14,Italian Grand Prix,1951-09-16,\N,1951-09-16 \N,dev,2024-04-25
832,1951,8,67,Spanish Grand Prix,1951-10-28,\N,1951-10-28 \N,dev,2024-04-25
833,1950,1,9,British Grand Prix,1950-05-13,\N,1950-05-13 \N,dev,2024-04-25
834,1950,2,6,Monaco Grand Prix,1950-05-21,\N,1950-05-21 \N,dev,2024-04-25
835,1950,3,19,Indianapolis 500,1950-05-30,\N,1950-05-30 \N,dev,2024-04-25
836,1950,4,66,Swiss Grand Prix,1950-06-04,\N,1950-06-04 \N,dev,2024-04-25
837,1950,5,13,Belgian Grand Prix,1950-06-18,\N,1950-06-18 \N,dev,2024-04-25
838,1950,6,55,French Grand Prix,1950-07-02,\N,1950-07-02 \N,dev,2024-04-25
839,1950,7,14,Italian Grand Prix,1950-09-03,\N,1950-09-03 \N,dev,2024-04-25
841,2011,1,1,Australian Grand Prix,2011-03-27,06:00:00,2011-03-27 06:00:00,dev,2024-04-25
842,2011,2,2,Malaysian Grand Prix,2011-04-10,08:00:00,2011-04-10 08:00:00,dev,2024-04-25
843,2011,3,17,Chinese Grand Prix,2011-04-17,07:00:00,2011-04-17 07:00:00,dev,2024-04-25
844,2011,4,5,Turkish Grand Prix,2011-05-08,12:00:00,2011-05-08 12:00:00,dev,2024-04-25
845,2011,5,4,Spanish Grand Prix,2011-05-22,12:00:00,2011-05-22 12:00:00,dev,2024-04-25
846,2011,6,6,Monaco Grand Prix,2011-05-29,12:00:00,2011-05-29 12:00:00,dev,2024-04-25
847,2011,7,7,Canadian Grand Prix,2011-06-12,17:00:00,2011-06-12 17:00:00,dev,2024-04-25
848,2011,8,12,European Grand Prix,2011-06-26,12:00:00,2011-06-26 12:00:00,dev,2024-04-25
849,2011,9,9,British Grand Prix,2011-07-10,12:00:00,2011-07-10 12:00:00,dev,2024-04-25
850,2011,10,20,German Grand Prix,2011-07-24,12:00:00,2011-07-24 12:00:00,dev,2024-04-25
851,2011,11,11,Hungarian Grand Prix,2011-07-31,12:00:00,2011-07-31 12:00:00,dev,2024-04-25
852,2011,12,13,Belgian Grand Prix,2011-08-28,12:00:00,2011-08-28 12:00:00,dev,2024-04-25
853,2011,13,14,Italian Grand Prix,2011-09-11,12:00:00,2011-09-11 12:00:00,dev,2024-04-25
854,2011,14,15,Singapore Grand Prix,2011-09-25,12:00:00,2011-09-25 12:00:00,dev,2024-04-25
855,2011,15,22,Japanese Grand Prix,2011-10-09,06:00:00,2011-10-09 06:00:00,dev,2024-04-25
856,2011,16,35,Korean Grand Prix,2011-10-16,06:00:00,2011-10-16 06:00:00,dev,2024-04-25
857,2011,17,68,Indian Grand Prix,2011-10-30,09:30:00,2011-10-30 09:30:00,dev,2024-04-25
858,2011,18,24,Abu Dhabi Grand Prix,2011-11-13,13:00:00,2011-11-13 13:00:00,dev,2024-04-25
859,2011,19,18,Brazilian Grand Prix,2011-11-27,16:00:00,2011-11-27 16:00:00,dev,2024-04-25
860,2012,1,1,Australian Grand Prix,2012-03-18,06:00:00,2012-03-18 06:00:00,dev,2024-04-25
861,2012,2,2,Malaysian Grand Prix,2012-03-25,08:00:00,2012-03-25 08:00:00,dev,2024-04-25
862,2012,3,17,Chinese Grand Prix,2012-04-15,07:00:00,2012-04-15 07:00:00,dev,2024-04-25
863,2012,4,3,Bahrain Grand Prix,2012-04-22,12:00:00,2012-04-22 12:00:00,dev,2024-04-25
864,2012,5,4,Spanish Grand Prix,2012-05-13,12:00:00,2012-05-13 12:00:00,dev,2024-04-25
865,2012,6,6,Monaco Grand Prix,2012-05-27,12:00:00,2012-05-27 12:00:00,dev,2024-04-25
866,2012,7,7,Canadian Grand Prix,2012-06-10,18:00:00,2012-06-10 18:00:00,dev,2024-04-25
867,2012,8,12,European Grand Prix,2012-06-24,12:00:00,2012-06-24 12:00:00,dev,2024-04-25
868,2012,9,9,British Grand Prix,2012-07-08,12:00:00,2012-07-08 12:00:00,dev,2024-04-25
869,2012,10,10,German Grand Prix,2012-07-22,12:00:00,2012-07-22 12:00:00,dev,2024-04-25
870,2012,11,11,Hungarian Grand Prix,2012-07-29,12:00:00,2012-07-29 12:00:00,dev,2024-04-25
871,2012,12,13,Belgian Grand Prix,2012-09-02,12:00:00,2012-09-02 12:00:00,dev,2024-04-25
872,2012,13,14,Italian Grand Prix,2012-09-09,12:00:00,2012-09-09 12:00:00,dev,2024-04-25
873,2012,14,15,Singapore Grand Prix,2012-09-23,12:00:00,2012-09-23 12:00:00,dev,2024-04-25
874,2012,15,22,Japanese Grand Prix,2012-10-07,06:00:00,2012-10-07 06:00:00,dev,2024-04-25
875,2012,16,35,Korean Grand Prix,2012-10-14,06:00:00,2012-10-14 06:00:00,dev,2024-04-25
876,2012,17,68,Indian Grand Prix,2012-10-28,09:30:00,2012-10-28 09:30:00,dev,2024-04-25
877,2012,18,24,Abu Dhabi Grand Prix,2012-11-04,13:00:00,2012-11-04 13:00:00,dev,2024-04-25
878,2012,19,69,United States Grand Prix,2012-11-18,19:00:00,2012-11-18 19:00:00,dev,2024-04-25
879,2012,20,18,Brazilian Grand Prix,2012-11-25,16:00:00,2012-11-25 16:00:00,dev,2024-04-25
880,2013,1,1,Australian Grand Prix,2013-03-17,06:00:00,2013-03-17 06:00:00,dev,2024-04-25
881,2013,2,2,Malaysian Grand Prix,2013-03-24,08:00:00,2013-03-24 08:00:00,dev,2024-04-25
882,2013,3,17,Chinese Grand Prix,2013-04-14,07:00:00,2013-04-14 07:00:00,dev,2024-04-25
883,2013,4,3,Bahrain Grand Prix,2013-04-21,12:00:00,2013-04-21 12:00:00,dev,2024-04-25
884,2013,5,4,Spanish Grand Prix,2013-05-12,12:00:00,2013-05-12 12:00:00,dev,2024-04-25
885,2013,6,6,Monaco Grand Prix,2013-05-26,12:00:00,2013-05-26 12:00:00,dev,2024-04-25
886,2013,7,7,Canadian Grand Prix,2013-06-09,18:00:00,2013-06-09 18:00:00,dev,2024-04-25
887,2013,8,9,British Grand Prix,2013-06-30,12:00:00,2013-06-30 12:00:00,dev,2024-04-25
888,2013,9,20,German Grand Prix,2013-07-07,12:00:00,2013-07-07 12:00:00,dev,2024-04-25
890,2013,10,11,Hungarian Grand Prix,2013-07-28,12:00:00,2013-07-28 12:00:00,dev,2024-04-25
891,2013,11,13,Belgian Grand Prix,2013-08-25,12:00:00,2013-08-25 12:00:00,dev,2024-04-25
892,2013,12,14,Italian Grand Prix,2013-09-08,12:00:00,2013-09-08 12:00:00,dev,2024-04-25
893,2013,13,15,Singapore Grand Prix,2013-09-22,12:00:00,2013-09-22 12:00:00,dev,2024-04-25
894,2013,14,35,Korean Grand Prix,2013-10-06,06:00:00,2013-10-06 06:00:00,dev,2024-04-25
895,2013,15,22,Japanese Grand Prix,2013-10-13,06:00:00,2013-10-13 06:00:00,dev,2024-04-25
896,2013,16,68,Indian Grand Prix,2013-10-27,09:30:00,2013-10-27 09:30:00,dev,2024-04-25
897,2013,17,24,Abu Dhabi Grand Prix,2013-11-03,13:00:00,2013-11-03 13:00:00,dev,2024-04-25
898,2013,18,69,United States Grand Prix,2013-11-17,19:00:00,2013-11-17 19:00:00,dev,2024-04-25
899,2013,19,18,Brazilian Grand Prix,2013-11-24,16:00:00,2013-11-24 16:00:00,dev,2024-04-25
900,2014,1,1,Australian Grand Prix,2014-03-16,06:00:00,2014-03-16 06:00:00,dev,2024-04-25
901,2014,2,2,Malaysian Grand Prix,2014-03-30,08:00:00,2014-03-30 08:00:00,dev,2024-04-25
902,2014,3,3,Bahrain Grand Prix,2014-04-06,15:00:00,2014-04-06 15:00:00,dev,2024-04-25
903,2014,4,17,Chinese Grand Prix,2014-04-20,07:00:00,2014-04-20 07:00:00,dev,2024-04-25
904,2014,5,4,Spanish Grand Prix,2014-05-11,12:00:00,2014-05-11 12:00:00,dev,2024-04-25
905,2014,6,6,Monaco Grand Prix,2014-05-25,12:00:00,2014-05-25 12:00:00,dev,2024-04-25
906,2014,7,7,Canadian Grand Prix,2014-06-08,18:00:00,2014-06-08 18:00:00,dev,2024-04-25
907,2014,8,70,Austrian Grand Prix,2014-06-22,12:00:00,2014-06-22 12:00:00,dev,2024-04-25
908,2014,9,9,British Grand Prix,2014-07-06,12:00:00,2014-07-06 12:00:00,dev,2024-04-25
909,2014,10,10,German Grand Prix,2014-07-20,12:00:00,2014-07-20 12:00:00,dev,2024-04-25
910,2014,11,11,Hungarian Grand Prix,2014-07-27,12:00:00,2014-07-27 12:00:00,dev,2024-04-25
911,2014,12,13,Belgian Grand Prix,2014-08-24,12:00:00,2014-08-24 12:00:00,dev,2024-04-25
912,2014,13,14,Italian Grand Prix,2014-09-07,12:00:00,2014-09-07 12:00:00,dev,2024-04-25
913,2014,14,15,Singapore Grand Prix,2014-09-21,12:00:00,2014-09-21 12:00:00,dev,2024-04-25
914,2014,15,22,Japanese Grand Prix,2014-10-05,06:00:00,2014-10-05 06:00:00,dev,2024-04-25
915,2014,16,71,Russian Grand Prix,2014-10-12,11:00:00,2014-10-12 11:00:00,dev,2024-04-25
916,2014,17,69,United States Grand Prix,2014-11-02,20:00:00,2014-11-02 20:00:00,dev,2024-04-25
917,2014,18,18,Brazilian Grand Prix,2014-11-09,16:00:00,2014-11-09 16:00:00,dev,2024-04-25
918,2014,19,24,Abu Dhabi Grand Prix,2014-11-23,13:00:00,2014-11-23 13:00:00,dev,2024-04-25
931,2015,6,6,Monaco Grand Prix,2015-05-24,12:00:00,2015-05-24 12:00:00,dev,2024-04-25
932,2015,7,7,Canadian Grand Prix,2015-06-07,18:00:00,2015-06-07 18:00:00,dev,2024-04-25
929,2015,4,3,Bahrain Grand Prix,2015-04-19,15:00:00,2015-04-19 15:00:00,dev,2024-04-25
930,2015,5,4,Spanish Grand Prix,2015-05-10,12:00:00,2015-05-10 12:00:00,dev,2024-04-25
928,2015,3,17,Chinese Grand Prix,2015-04-12,06:00:00,2015-04-12 06:00:00,dev,2024-04-25
926,2015,1,1,Australian Grand Prix,2015-03-15,05:00:00,2015-03-15 05:00:00,dev,2024-04-25
927,2015,2,2,Malaysian Grand Prix,2015-03-29,07:00:00,2015-03-29 07:00:00,dev,2024-04-25
933,2015,8,70,Austrian Grand Prix,2015-06-21,12:00:00,2015-06-21 12:00:00,dev,2024-04-25
934,2015,9,9,British Grand Prix,2015-07-05,12:00:00,2015-07-05 12:00:00,dev,2024-04-25
936,2015,10,11,Hungarian Grand Prix,2015-07-26,12:00:00,2015-07-26 12:00:00,dev,2024-04-25
937,2015,11,13,Belgian Grand Prix,2015-08-23,12:00:00,2015-08-23 12:00:00,dev,2024-04-25
938,2015,12,14,Italian Grand Prix,2015-09-06,12:00:00,2015-09-06 12:00:00,dev,2024-04-25
939,2015,13,15,Singapore Grand Prix,2015-09-20,12:00:00,2015-09-20 12:00:00,dev,2024-04-25
940,2015,14,22,Japanese Grand Prix,2015-09-27,05:00:00,2015-09-27 05:00:00,dev,2024-04-25
941,2015,15,71,Russian Grand Prix,2015-10-11,11:00:00,2015-10-11 11:00:00,dev,2024-04-25
942,2015,16,69,United States Grand Prix,2015-10-25,19:00:00,2015-10-25 19:00:00,dev,2024-04-25
943,2015,17,32,Mexican Grand Prix,2015-11-01,19:00:00,2015-11-01 19:00:00,dev,2024-04-25
944,2015,18,18,Brazilian Grand Prix,2015-11-15,16:00:00,2015-11-15 16:00:00,dev,2024-04-25
945,2015,19,24,Abu Dhabi Grand Prix,2015-11-29,13:00:00,2015-11-29 13:00:00,dev,2024-04-25
948,2016,1,1,Australian Grand Prix,2016-03-20,05:00:00,2016-03-20 05:00:00,dev,2024-04-25
949,2016,2,3,Bahrain Grand Prix,2016-04-03,15:00:00,2016-04-03 15:00:00,dev,2024-04-25
950,2016,3,17,Chinese Grand Prix,2016-04-17,06:00:00,2016-04-17 06:00:00,dev,2024-04-25
951,2016,4,71,Russian Grand Prix,2016-05-01,12:00:00,2016-05-01 12:00:00,dev,2024-04-25
952,2016,5,4,Spanish Grand Prix,2016-05-15,12:00:00,2016-05-15 12:00:00,dev,2024-04-25
953,2016,6,6,Monaco Grand Prix,2016-05-29,12:00:00,2016-05-29 12:00:00,dev,2024-04-25
954,2016,7,7,Canadian Grand Prix,2016-06-12,18:00:00,2016-06-12 18:00:00,dev,2024-04-25
955,2016,8,73,European Grand Prix,2016-06-19,13:00:00,2016-06-19 13:00:00,dev,2024-04-25
956,2016,9,70,Austrian Grand Prix,2016-07-03,12:00:00,2016-07-03 12:00:00,dev,2024-04-25
957,2016,10,9,British Grand Prix,2016-07-10,12:00:00,2016-07-10 12:00:00,dev,2024-04-25
958,2016,11,11,Hungarian Grand Prix,2016-07-24,12:00:00,2016-07-24 12:00:00,dev,2024-04-25
959,2016,12,10,German Grand Prix,2016-07-31,12:00:00,2016-07-31 12:00:00,dev,2024-04-25
960,2016,13,13,Belgian Grand Prix,2016-08-28,12:00:00,2016-08-28 12:00:00,dev,2024-04-25
961,2016,14,14,Italian Grand Prix,2016-09-04,12:00:00,2016-09-04 12:00:00,dev,2024-04-25
962,2016,15,15,Singapore Grand Prix,2016-09-18,12:00:00,2016-09-18 12:00:00,dev,2024-04-25
963,2016,16,2,Malaysian Grand Prix,2016-10-02,07:00:00,2016-10-02 07:00:00,dev,2024-04-25
964,2016,17,22,Japanese Grand Prix,2016-10-09,05:00:00,2016-10-09 05:00:00,dev,2024-04-25
965,2016,18,69,United States Grand Prix,2016-10-23,19:00:00,2016-10-23 19:00:00,dev,2024-04-25
966,2016,19,32,Mexican Grand Prix,2016-10-30,19:00:00,2016-10-30 19:00:00,dev,2024-04-25
967,2016,20,18,Brazilian Grand Prix,2016-11-13,16:00:00,2016-11-13 16:00:00,dev,2024-04-25
968,2016,21,24,Abu Dhabi Grand Prix,2016-11-27,13:00:00,2016-11-27 13:00:00,dev,2024-04-25
969,2017,1,1,Australian Grand Prix,2017-03-26,05:00:00,2017-03-26 05:00:00,dev,2024-04-25
970,2017,2,17,Chinese Grand Prix,2017-04-09,06:00:00,2017-04-09 06:00:00,dev,2024-04-25
971,2017,3,3,Bahrain Grand Prix,2017-04-16,15:00:00,2017-04-16 15:00:00,dev,2024-04-25
972,2017,4,71,Russian Grand Prix,2017-04-30,12:00:00,2017-04-30 12:00:00,dev,2024-04-25
973,2017,5,4,Spanish Grand Prix,2017-05-14,12:00:00,2017-05-14 12:00:00,dev,2024-04-25
974,2017,6,6,Monaco Grand Prix,2017-05-28,12:00:00,2017-05-28 12:00:00,dev,2024-04-25
975,2017,7,7,Canadian Grand Prix,2017-06-11,18:00:00,2017-06-11 18:00:00,dev,2024-04-25
976,2017,8,73,Azerbaijan Grand Prix,2017-06-25,13:00:00,2017-06-25 13:00:00,dev,2024-04-25
977,2017,9,70,Austrian Grand Prix,2017-07-09,12:00:00,2017-07-09 12:00:00,dev,2024-04-25
978,2017,10,9,British Grand Prix,2017-07-16,12:00:00,2017-07-16 12:00:00,dev,2024-04-25
979,2017,11,11,Hungarian Grand Prix,2017-07-30,12:00:00,2017-07-30 12:00:00,dev,2024-04-25
980,2017,12,13,Belgian Grand Prix,2017-08-27,12:00:00,2017-08-27 12:00:00,dev,2024-04-25
981,2017,13,14,Italian Grand Prix,2017-09-03,12:00:00,2017-09-03 12:00:00,dev,2024-04-25
982,2017,14,15,Singapore Grand Prix,2017-09-17,12:00:00,2017-09-17 12:00:00,dev,2024-04-25
983,2017,15,2,Malaysian Grand Prix,2017-10-01,07:00:00,2017-10-01 07:00:00,dev,2024-04-25
984,2017,16,22,Japanese Grand Prix,2017-10-08,05:00:00,2017-10-08 05:00:00,dev,2024-04-25
985,2017,17,69,United States Grand Prix,2017-10-22,19:00:00,2017-10-22 19:00:00,dev,2024-04-25
986,2017,18,32,Mexican Grand Prix,2017-10-29,19:00:00,2017-10-29 19:00:00,dev,2024-04-25
987,2017,19,18,Brazilian Grand Prix,2017-11-12,16:00:00,2017-11-12 16:00:00,dev,2024-04-25
988,2017,20,24,Abu Dhabi Grand Prix,2017-11-26,13:00:00,2017-11-26 13:00:00,dev,2024-04-25
989,2018,1,1,Australian Grand Prix,2018-03-25,05:10:00,2018-03-25 05:10:00,dev,2024-04-25
990,2018,2,3,Bahrain Grand Prix,2018-04-08,15:10:00,2018-04-08 15:10:00,dev,2024-04-25
991,2018,3,17,Chinese Grand Prix,2018-04-15,06:10:00,2018-04-15 06:10:00,dev,2024-04-25
992,2018,4,73,Azerbaijan Grand Prix,2018-04-29,12:10:00,2018-04-29 12:10:00,dev,2024-04-25
993,2018,5,4,Spanish Grand Prix,2018-05-13,13:10:00,2018-05-13 13:10:00,dev,2024-04-25
994,2018,6,6,Monaco Grand Prix,2018-05-27,13:10:00,2018-05-27 13:10:00,dev,2024-04-25
995,2018,7,7,Canadian Grand Prix,2018-06-10,18:10:00,2018-06-10 18:10:00,dev,2024-04-25
996,2018,8,34,French Grand Prix,2018-06-24,14:10:00,2018-06-24 14:10:00,dev,2024-04-25
997,2018,9,70,Austrian Grand Prix,2018-07-01,13:10:00,2018-07-01 13:10:00,dev,2024-04-25
998,2018,10,9,British Grand Prix,2018-07-08,13:10:00,2018-07-08 13:10:00,dev,2024-04-25
999,2018,11,10,German Grand Prix,2018-07-22,13:10:00,2018-07-22 13:10:00,dev,2024-04-25
1000,2018,12,11,Hungarian Grand Prix,2018-07-29,13:10:00,2018-07-29 13:10:00,dev,2024-04-25
1001,2018,13,13,Belgian Grand Prix,2018-08-26,13:10:00,2018-08-26 13:10:00,dev,2024-04-25
1002,2018,14,14,Italian Grand Prix,2018-09-02,13:10:00,2018-09-02 13:10:00,dev,2024-04-25
1003,2018,15,15,Singapore Grand Prix,2018-09-16,12:10:00,2018-09-16 12:10:00,dev,2024-04-25
1004,2018,16,71,Russian Grand Prix,2018-09-30,11:10:00,2018-09-30 11:10:00,dev,2024-04-25
1005,2018,17,22,Japanese Grand Prix,2018-10-07,05:10:00,2018-10-07 05:10:00,dev,2024-04-25
1006,2018,18,69,United States Grand Prix,2018-10-21,18:10:00,2018-10-21 18:10:00,dev,2024-04-25
1007,2018,19,32,Mexican Grand Prix,2018-10-28,19:10:00,2018-10-28 19:10:00,dev,2024-04-25
1008,2018,20,18,Brazilian Grand Prix,2018-11-11,17:10:00,2018-11-11 17:10:00,dev,2024-04-25
1009,2018,21,24,Abu Dhabi Grand Prix,2018-11-25,13:10:00,2018-11-25 13:10:00,dev,2024-04-25
1010,2019,1,1,Australian Grand Prix,2019-03-17,05:10:00,2019-03-17 05:10:00,dev,2024-04-25
1011,2019,2,3,Bahrain Grand Prix,2019-03-31,15:10:00,2019-03-31 15:10:00,dev,2024-04-25
1012,2019,3,17,Chinese Grand Prix,2019-04-14,06:10:00,2019-04-14 06:10:00,dev,2024-04-25
1013,2019,4,73,Azerbaijan Grand Prix,2019-04-28,12:10:00,2019-04-28 12:10:00,dev,2024-04-25
1014,2019,5,4,Spanish Grand Prix,2019-05-12,13:10:00,2019-05-12 13:10:00,dev,2024-04-25
1015,2019,6,6,Monaco Grand Prix,2019-05-26,13:10:00,2019-05-26 13:10:00,dev,2024-04-25
1016,2019,7,7,Canadian Grand Prix,2019-06-09,18:10:00,2019-06-09 18:10:00,dev,2024-04-25
1017,2019,8,34,French Grand Prix,2019-06-23,13:10:00,2019-06-23 13:10:00,dev,2024-04-25
1018,2019,9,70,Austrian Grand Prix,2019-06-30,13:10:00,2019-06-30 13:10:00,dev,2024-04-25
1019,2019,10,9,British Grand Prix,2019-07-14,13:10:00,2019-07-14 13:10:00,dev,2024-04-25
1020,2019,11,10,German Grand Prix,2019-07-28,13:10:00,2019-07-28 13:10:00,dev,2024-04-25
1021,2019,12,11,Hungarian Grand Prix,2019-08-04,13:10:00,2019-08-04 13:10:00,dev,2024-04-25
1022,2019,13,13,Belgian Grand Prix,2019-09-01,13:10:00,2019-09-01 13:10:00,dev,2024-04-25
1023,2019,14,14,Italian Grand Prix,2019-09-08,13:10:00,2019-09-08 13:10:00,dev,2024-04-25
1024,2019,15,15,Singapore Grand Prix,2019-09-22,12:10:00,2019-09-22 12:10:00,dev,2024-04-25
1025,2019,16,71,Russian Grand Prix,2019-09-29,11:10:00,2019-09-29 11:10:00,dev,2024-04-25
1026,2019,17,22,Japanese Grand Prix,2019-10-13,05:10:00,2019-10-13 05:10:00,dev,2024-04-25
1027,2019,18,32,Mexican Grand Prix,2019-10-27,19:10:00,2019-10-27 19:10:00,dev,2024-04-25
1028,2019,19,69,United States Grand Prix,2019-11-03,19:10:00,2019-11-03 19:10:00,dev,2024-04-25
1029,2019,20,18,Brazilian Grand Prix,2019-11-17,17:10:00,2019-11-17 17:10:00,dev,2024-04-25
1030,2019,21,24,Abu Dhabi Grand Prix,2019-12-01,13:10:00,2019-12-01 13:10:00,dev,2024-04-25
1031,2020,1,70,Austrian Grand Prix,2020-07-05,13:10:00,2020-07-05 13:10:00,dev,2024-04-25
1032,2020,2,70,Styrian Grand Prix,2020-07-12,13:10:00,2020-07-12 13:10:00,dev,2024-04-25
1033,2020,3,11,Hungarian Grand Prix,2020-07-19,13:10:00,2020-07-19 13:10:00,dev,2024-04-25
1034,2020,4,9,British Grand Prix,2020-08-02,13:10:00,2020-08-02 13:10:00,dev,2024-04-25
1035,2020,5,9,70th Anniversary Grand Prix,2020-08-09,13:10:00,2020-08-09 13:10:00,dev,2024-04-25
1036,2020,6,4,Spanish Grand Prix,2020-08-16,13:10:00,2020-08-16 13:10:00,dev,2024-04-25
1037,2020,7,13,Belgian Grand Prix,2020-08-30,13:10:00,2020-08-30 13:10:00,dev,2024-04-25
1038,2020,8,14,Italian Grand Prix,2020-09-06,13:10:00,2020-09-06 13:10:00,dev,2024-04-25
1039,2020,9,76,Tuscan Grand Prix,2020-09-13,13:10:00,2020-09-13 13:10:00,dev,2024-04-25
1040,2020,10,71,Russian Grand Prix,2020-09-27,11:10:00,2020-09-27 11:10:00,dev,2024-04-25
1041,2020,11,20,Eifel Grand Prix,2020-10-11,13:10:00,2020-10-11 13:10:00,dev,2024-04-25
1042,2020,12,75,Portuguese Grand Prix,2020-10-25,12:10:00,2020-10-25 12:10:00,dev,2024-04-25
1043,2020,13,21,Emilia Romagna Grand Prix,2020-11-01,12:10:00,2020-11-01 12:10:00,dev,2024-04-25
1044,2020,14,5,Turkish Grand Prix,2020-11-15,10:10:00,2020-11-15 10:10:00,dev,2024-04-25
1045,2020,15,3,Bahrain Grand Prix,2020-11-29,14:10:00,2020-11-29 14:10:00,dev,2024-04-25
1046,2020,16,3,Sakhir Grand Prix,2020-12-06,17:10:00,2020-12-06 17:10:00,dev,2024-04-25
1047,2020,17,24,Abu Dhabi Grand Prix,2020-12-13,13:10:00,2020-12-13 13:10:00,dev,2024-04-25
1053,2021,2,21,Emilia Romagna Grand Prix,2021-04-18,13:00:00,2021-04-18 13:00:00,dev,2024-04-25
1052,2021,1,3,Bahrain Grand Prix,2021-03-28,15:00:00,2021-03-28 15:00:00,dev,2024-04-25
1051,2021,21,1,Australian Grand Prix,2021-11-21,06:00:00,2021-11-21 06:00:00,dev,2024-04-25
1054,2021,3,20,TBC,2021-05-02,\N,2021-05-02 \N,dev,2024-04-25
1055,2021,4,4,Spanish Grand Prix,2021-05-09,13:00:00,2021-05-09 13:00:00,dev,2024-04-25
1056,2021,5,6,Monaco Grand Prix,2021-05-23,13:00:00,2021-05-23 13:00:00,dev,2024-04-25
1057,2021,6,73,Azerbaijan Grand Prix,2021-06-06,12:00:00,2021-06-06 12:00:00,dev,2024-04-25
1058,2021,7,7,Canadian Grand Prix,2021-06-13,18:00:00,2021-06-13 18:00:00,dev,2024-04-25
1059,2021,8,34,French Grand Prix,2021-06-27,13:00:00,2021-06-27 13:00:00,dev,2024-04-25
1060,2021,9,70,Austrian Grand Prix,2021-07-04,13:00:00,2021-07-04 13:00:00,dev,2024-04-25
1061,2021,10,9,British Grand Prix,2021-07-18,14:00:00,2021-07-18 14:00:00,dev,2024-04-25
1062,2021,11,11,Hungarian Grand Prix,2021-08-01,13:00:00,2021-08-01 13:00:00,dev,2024-04-25
1063,2021,12,13,Belgian Grand Prix,2021-08-29,13:00:00,2021-08-29 13:00:00,dev,2024-04-25
1064,2021,13,39,Dutch Grand Prix,2021-09-05,13:00:00,2021-09-05 13:00:00,dev,2024-04-25
1065,2021,14,14,Italian Grand Prix,2021-09-12,13:00:00,2021-09-12 13:00:00,dev,2024-04-25
1066,2021,15,71,Russian Grand Prix,2021-09-26,12:00:00,2021-09-26 12:00:00,dev,2024-04-25
1067,2021,16,15,Singapore Grand Prix,2021-10-03,12:00:00,2021-10-03 12:00:00,dev,2024-04-25
1068,2021,17,22,Japanese Grand Prix,2021-10-10,05:00:00,2021-10-10 05:00:00,dev,2024-04-25
1069,2021,18,69,United States Grand Prix,2021-10-24,19:00:00,2021-10-24 19:00:00,dev,2024-04-25
1070,2021,19,32,Mexico City Grand Prix,2021-10-31,19:00:00,2021-10-31 19:00:00,dev,2024-04-25
1071,2021,20,18,Brazilian Grand Prix,2021-11-07,17:00:00,2021-11-07 17:00:00,dev,2024-04-25
1072,2021,22,77,Saudi Arabian Grand Prix,2021-12-05,16:00:00,2021-12-05 16:00:00,dev,2024-04-25
1073,2021,23,24,Abu Dhabi Grand Prix,2021-12-12,13:00:00,2021-12-12 13:00:00,dev,2024-04-25
